dt,high
2010-01-04,49.18
2010-01-05,49.13
2010-01-06,50.09
2010-01-07,49.51
2010-01-08,49.79
2010-01-11,51.25
2010-01-12,49.82
2010-01-13,48.99
2010-01-14,48.94
2010-01-15,48.07
2010-01-19,48.49
2010-01-20,47.33
2010-01-21,46.2
2010-01-22,45.69
2010-01-25,45.06
2010-01-26,45.04
2010-01-27,44.55
2010-01-28,44.87
2010-01-29,44.44
2010-02-01,45.54
2010-02-02,46.05
2010-02-03,46.28
2010-02-04,45.04
2010-02-05,46.29
2010-02-08,45.97
2010-02-09,46.07
2010-02-10,45.83
2010-02-11,46.9325
2010-02-12,46.68
2010-02-16,47.97
2010-02-17,47.86
2010-02-18,48.95
2010-02-19,49.0
2010-02-22,48.69
2010-02-23,47.96
2010-02-24,47.01
2010-02-25,49.59
2010-02-26,49.5
2010-03-01,50.43
2010-03-02,52.4
2010-03-03,52.57
2010-03-04,51.84
2010-03-05,51.77
2010-03-08,52.0
2010-03-09,51.715
2010-03-10,51.585
2010-03-11,50.51
2010-03-12,50.69
2010-03-15,50.24
2010-03-16,51.5
2010-03-17,51.83
2010-03-18,52.19
2010-03-19,51.78
2010-03-22,51.44
2010-03-23,52.06
2010-03-24,50.72
2010-03-25,50.28
2010-03-26,49.59
2010-03-29,50.47
2010-03-30,50.95
2010-03-31,51.84
2010-04-01,53.16
2010-04-05,53.98
2010-04-06,54.07
2010-04-07,54.82
2010-04-08,54.3
2010-04-09,54.48
2010-04-12,54.35
2010-04-13,53.86
2010-04-14,54.12
2010-04-15,53.61
2010-04-16,52.69
2010-04-19,52.28
2010-04-20,52.75
2010-04-21,52.37
2010-04-22,52.62
2010-04-23,53.2
2010-04-26,53.57
2010-04-27,53.89
2010-04-28,55.54
2010-04-29,56.52
2010-04-30,57.05
2010-05-03,56.26
2010-05-04,55.35
2010-05-05,54.4
2010-05-06,55.69
2010-05-07,55.19
2010-05-10,55.7
2010-05-11,59.06
2010-05-12,59.5749
2010-05-13,58.81
2010-05-14,58.53
2010-05-17,58.09
2010-05-18,57.14
2010-05-19,55.96
2010-05-20,54.5
2010-05-21,52.65
2010-05-24,53.8
2010-05-25,53.65
2010-05-26,54.79
2010-05-27,55.18
2010-05-28,54.78
2010-06-01,55.88
2010-06-02,55.74
2010-06-03,55.78
2010-06-04,55.04
2010-06-07,56.06
2010-06-08,57.61
2010-06-09,56.48
2010-06-10,56.57
2010-06-11,56.66
2010-06-14,56.01
2010-06-15,56.54
2010-06-16,58.55
2010-06-17,59.98
2010-06-18,61.78
2010-06-21,61.5
2010-06-22,60.39
2010-06-23,59.43
2010-06-24,60.2
2010-06-25,62.11
2010-06-28,62.62
2010-06-29,62.01
2010-06-30,62.37
2010-07-01,61.65
2010-07-02,59.76
2010-07-06,59.65
2010-07-07,59.99
2010-07-08,60.48
2010-07-09,63.38
2010-07-12,62.5
2010-07-13,62.99
2010-07-14,62.66
2010-07-15,62.2
2010-07-16,59.95
2010-07-19,58.6
2010-07-20,59.26
2010-07-21,59.62
2010-07-22,59.52
2010-07-23,59.59
2010-07-26,59.5
2010-07-27,57.36
2010-07-28,55.8
2010-07-29,56.07
2010-07-30,56.25
2010-08-02,56.88
2010-08-03,56.17
2010-08-04,56.48
2010-08-05,56.74
2010-08-06,58.0
2010-08-09,57.39
2010-08-10,57.83
2010-08-11,57.72
2010-08-12,58.16
2010-08-13,57.9
2010-08-16,57.83
2010-08-17,58.6
2010-08-18,59.86
2010-08-19,60.23
2010-08-20,58.24
2010-08-23,58.05
2010-08-24,58.38
2010-08-25,58.98
2010-08-26,59.645
2010-08-27,60.0
2010-08-30,60.54
2010-08-31,61.92
2010-09-01,61.92
2010-09-02,61.55
2010-09-03,61.0
2010-09-07,62.55
2010-09-08,62.7
2010-09-09,61.86
2010-09-10,61.13
2010-09-13,61.1
2010-09-14,64.03
2010-09-15,63.3
2010-09-16,63.85
2010-09-17,63.63
2010-09-20,63.5
2010-09-21,64.4
2010-09-22,65.5
2010-09-23,65.25
2010-09-24,64.87
2010-09-27,63.88
2010-09-28,64.45
2010-09-29,64.46
2010-09-30,64.05
2010-10-01,64.24
2010-10-04,63.49
2010-10-05,64.98
2010-10-06,64.96
2010-10-07,65.18
2010-10-08,63.32
2010-10-11,63.0
2010-10-12,62.13
2010-10-13,63.619
2010-10-14,63.3
2010-10-15,62.19
2010-10-18,62.82
2010-10-19,60.96
2010-10-20,61.53
2010-10-21,60.98
2010-10-22,59.5
2010-10-25,60.87
2010-10-26,60.07
2010-10-27,59.06
2010-10-28,60.06
2010-10-29,61.13
2010-11-01,61.43
2010-11-02,61.95
2010-11-03,59.74
2010-11-04,61.57
2010-11-05,61.66
2010-11-08,62.83
2010-11-09,63.78
2010-11-10,62.46
2010-11-11,63.3
2010-11-12,62.8
2010-11-15,61.98
2010-11-16,60.9
2010-11-17,60.67
2010-11-18,61.0
2010-11-19,61.16
2010-11-22,61.1
2010-11-23,61.83
2010-11-24,61.11
2010-11-26,59.29
2010-11-29,58.3
2010-11-30,59.57
2010-12-01,59.78
2010-12-02,61.34
2010-12-03,62.65
2010-12-06,63.48
2010-12-07,64.05
2010-12-08,62.82
2010-12-09,61.36
2010-12-10,61.55
2010-12-13,62.62
2010-12-14,62.58
2010-12-15,61.68
2010-12-16,60.56
2010-12-17,60.08
2010-12-20,60.32
2010-12-21,60.29
2010-12-22,60.12
2010-12-23,60.63
2010-12-27,60.31
2010-12-28,61.83
2010-12-29,61.77
2010-12-30,61.43
2010-12-31,61.72
2011-01-03,62.21
2011-01-04,60.26
2011-01-05,58.57
2011-01-06,58.47
2011-01-07,58.25
2011-01-10,57.94
2011-01-11,58.39
2011-01-12,58.17
2011-01-13,57.9399
2011-01-14,56.61
2011-01-18,56.79
2011-01-19,57.01
2011-01-20,55.94
2011-01-21,56.15
2011-01-24,56.2
2011-01-25,56.22
2011-01-26,57.09
2011-01-27,56.95
2011-01-28,56.29
2011-01-31,55.48
2011-02-01,56.56
2011-02-02,56.88
2011-02-03,57.5
2011-02-04,58.2
2011-02-07,57.7
2011-02-08,58.455
2011-02-09,58.57
2011-02-10,57.55
2011-02-11,57.7599
2011-02-14,57.62
2011-02-15,58.44
2011-02-16,58.42
2011-02-17,59.095
2011-02-18,59.71
2011-02-22,59.8
2011-02-23,60.19
2011-02-24,59.23
2011-02-25,55.84
2011-02-28,55.29
2011-03-01,56.47
2011-03-02,56.34
2011-03-03,54.2
2011-03-04,55.05
2011-03-07,55.22
2011-03-08,53.4
2011-03-09,53.12
2011-03-10,52.3413
2011-03-11,52.705
2011-03-14,52.79
2011-03-15,52.25
2011-03-16,52.3
2011-03-17,51.04
2011-03-18,51.91
2011-03-21,51.94
2011-03-22,53.5701
2011-03-23,55.0201
2011-03-24,55.6
2011-03-25,54.99
2011-03-28,54.09
2011-03-29,53.54
2011-03-30,54.39
2011-03-31,55.08
2011-04-01,54.78
2011-04-04,55.92
2011-04-05,57.08
2011-04-06,57.31
2011-04-07,58.73
2011-04-08,59.28
2011-04-11,58.65
2011-04-12,57.73
2011-04-13,57.73
2011-04-14,57.85
2011-04-15,58.3
2011-04-18,58.39
2011-04-19,58.69
2011-04-20,59.87
2011-04-21,60.45
2011-04-25,59.61
2011-04-26,57.89
2011-04-27,59.17
2011-04-28,59.61
2011-04-29,59.4
2011-05-02,58.48
2011-05-03,57.93
2011-05-04,56.87
2011-05-05,56.8499
2011-05-06,55.82
2011-05-09,54.92
2011-05-10,54.89
2011-05-11,54.65
2011-05-12,53.93
2011-05-13,54.16
2011-05-16,54.27
2011-05-17,53.85
2011-05-18,54.26
2011-05-19,54.37
2011-05-20,54.81
2011-05-23,55.43
2011-05-24,55.65
2011-05-25,56.25
2011-05-26,56.08
2011-05-27,56.88
2011-05-31,56.86
2011-06-01,56.7
2011-06-02,56.03
2011-06-03,55.48
2011-06-06,54.86
2011-06-07,53.92
2011-06-08,52.78
2011-06-09,53.24
2011-06-10,52.69
2011-06-13,52.61
2011-06-14,52.7
2011-06-15,53.48
2011-06-16,52.78
2011-06-17,52.12
2011-06-20,52.2501
2011-06-21,53.45
2011-06-22,54.64
2011-06-23,54.04
2011-06-24,54.19
2011-06-27,52.8
2011-06-28,52.89
2011-06-29,54.1
2011-06-30,54.11
2011-07-01,53.78
2011-07-05,54.86
2011-07-06,55.0
2011-07-07,55.59
2011-07-08,55.6
2011-07-11,55.16
2011-07-12,55.92
2011-07-13,57.49
2011-07-14,57.38
2011-07-15,57.63
2011-07-18,59.0
2011-07-19,58.34
2011-07-20,58.23
2011-07-21,58.65
2011-07-22,58.9335
2011-07-25,59.57
2011-07-26,59.09
2011-07-27,59.09
2011-07-28,59.02
2011-07-29,57.43
2011-08-01,56.14
2011-08-02,56.85
2011-08-03,58.05
2011-08-04,57.69
2011-08-05,56.52
2011-08-08,57.36
2011-08-09,55.44
2011-08-10,57.0
2011-08-11,58.53
2011-08-12,57.76
2011-08-15,59.13
2011-08-16,59.95
2011-08-17,59.87
2011-08-18,59.95
2011-08-19,60.81
2011-08-22,63.55
2011-08-23,62.36
2011-08-24,61.47
2011-08-25,61.1
2011-08-26,62.17
2011-08-29,62.6
2011-08-30,63.46
2011-08-31,63.65
2011-09-01,63.1668
2011-09-02,64.64
2011-09-06,65.77
2011-09-07,63.83
2011-09-08,66.39
2011-09-09,66.61
2011-09-12,64.7363
2011-09-13,64.82
2011-09-14,64.49
2011-09-15,64.31
2011-09-16,65.78
2011-09-19,67.37
2011-09-20,71.25
2011-09-21,70.2299
2011-09-22,65.8
2011-09-23,63.49
2011-09-26,64.59
2011-09-27,66.54
2011-09-28,64.62
2011-09-29,62.95
2011-09-30,65.55
2011-10-03,65.59
2011-10-04,62.71
2011-10-05,63.23
2011-10-06,64.12
2011-10-07,64.62
2011-10-10,65.34
2011-10-11,65.262
2011-10-12,65.07
2011-10-13,64.28
2011-10-14,66.88
2011-10-17,67.39
2011-10-18,65.88
2011-10-19,65.49
2011-10-20,62.69
2011-10-21,63.37
2011-10-24,64.075
2011-10-25,65.74
2011-10-26,66.6
2011-10-27,66.95
2011-10-28,68.74
2011-10-31,67.87
2011-11-01,67.04
2011-11-02,68.02
2011-11-03,69.539
2011-11-04,69.45
2011-11-07,72.29
2011-11-08,72.35
2011-11-09,72.42
2011-11-10,69.82
2011-11-11,71.09
2011-11-14,70.96
2011-11-15,70.24
2011-11-16,69.11
2011-11-17,67.72
2011-11-18,66.63
2011-11-21,65.64
2011-11-22,66.81
2011-11-23,65.4
2011-11-25,64.9
2011-11-28,65.86
2011-11-29,66.45
2011-11-30,69.0
2011-12-01,69.4
2011-12-02,69.16
2011-12-05,67.95
2011-12-06,67.78
2011-12-07,67.97
2011-12-08,67.42
2011-12-09,67.21
2011-12-12,65.52
2011-12-13,65.95
2011-12-14,62.85
2011-12-15,62.4
2011-12-16,63.2
2011-12-19,62.67
2011-12-20,62.96
2011-12-21,63.0
2011-12-22,62.6
2011-12-23,61.9
2011-12-27,62.09
2011-12-28,61.41
2011-12-29,60.51
2011-12-30,61.09
2012-01-03,62.32
2012-01-04,62.61
2012-01-05,62.45
2012-01-06,62.63
2012-01-09,62.34
2012-01-10,63.1
2012-01-11,63.4
2012-01-12,64.62
2012-01-13,63.92
2012-01-17,63.55
2012-01-18,60.77
2012-01-19,60.29
2012-01-20,60.15
2012-01-23,59.98
2012-01-24,58.82
2012-01-25,60.64
2012-01-26,61.59
2012-01-27,61.79
2012-01-30,61.79
2012-01-31,62.3
2012-02-01,61.99
2012-02-02,62.5
2012-02-03,62.0
2012-02-06,61.14
2012-02-07,61.56
2012-02-08,61.45
2012-02-09,61.39
2012-02-10,59.92
2012-02-13,59.99
2012-02-14,59.55
2012-02-15,60.39
2012-02-16,60.66
2012-02-17,60.94
2012-02-21,61.72
2012-02-22,63.29
2012-02-23,64.43
2012-02-24,64.2
2012-02-27,62.6
2012-02-28,62.15
2012-02-29,62.43
2012-03-01,60.65
2012-03-02,59.47
2012-03-05,59.03
2012-03-06,57.27
2012-03-07,57.28
2012-03-08,57.24
2012-03-09,57.835
2012-03-12,56.9
2012-03-13,55.75
2012-03-14,54.48
2012-03-15,54.98
2012-03-16,54.09
2012-03-19,54.345
2012-03-20,54.0
2012-03-21,54.12
2012-03-22,52.85
2012-03-23,53.9078
2012-03-26,54.15
2012-03-27,53.6
2012-03-28,52.6
2012-03-29,51.34
2012-03-30,51.7
2012-04-02,52.41
2012-04-03,52.15
2012-04-04,49.51
2012-04-05,48.98
2012-04-09,48.58
2012-04-10,49.55
2012-04-11,49.17
2012-04-12,49.6
2012-04-13,49.9
2012-04-16,48.93
2012-04-17,48.8299
2012-04-18,48.4
2012-04-19,48.57
2012-04-20,48.35
2012-04-23,46.78
2012-04-24,46.78
2012-04-25,47.64
2012-04-26,48.1
2012-04-27,48.97
2012-04-30,47.89
2012-05-01,48.365
2012-05-02,47.83
2012-05-03,46.85
2012-05-04,46.67
2012-05-07,46.46
2012-05-08,45.72
2012-05-09,47.23
2012-05-10,47.22
2012-05-11,46.3
2012-05-14,45.73
2012-05-15,45.19
2012-05-16,44.83
2012-05-17,46.19
2012-05-18,47.0
2012-05-21,47.5
2012-05-22,48.66
2012-05-23,48.7
2012-05-24,49.84
2012-05-25,49.34
2012-05-29,49.65
2012-05-30,48.738
2012-05-31,48.37
2012-06-01,51.15
2012-06-04,51.59
2012-06-05,51.93
2012-06-06,52.33
2012-06-07,52.21
2012-06-08,50.53
2012-06-11,50.73
2012-06-12,50.7
2012-06-13,51.3
2012-06-14,51.0198
2012-06-15,51.38
2012-06-18,50.97
2012-06-19,51.04
2012-06-20,51.17
2012-06-21,49.38
2012-06-22,48.49
2012-06-25,49.2
2012-06-26,48.8
2012-06-27,48.23
2012-06-28,47.95
2012-06-29,48.66
2012-07-02,48.88
2012-07-03,49.84
2012-07-05,49.67
2012-07-06,48.66
2012-07-09,48.09
2012-07-10,48.34
2012-07-11,46.27
2012-07-12,45.84
2012-07-13,46.35
2012-07-16,46.23
2012-07-17,45.5
2012-07-18,45.0
2012-07-19,45.45
2012-07-20,45.52
2012-07-23,45.06
2012-07-24,44.83
2012-07-25,46.46
2012-07-26,46.25
2012-07-27,44.56
2012-07-30,45.74
2012-07-31,45.7
2012-08-01,45.43
2012-08-02,44.645
2012-08-03,44.92
2012-08-06,46.92
2012-08-07,46.78
2012-08-08,47.31
2012-08-09,47.63
2012-08-10,47.78
2012-08-13,47.7
2012-08-14,47.1284
2012-08-15,46.66
2012-08-16,47.81
2012-08-17,47.99
2012-08-20,48.03
2012-08-21,49.29
2012-08-22,49.36
2012-08-23,49.98
2012-08-24,49.45
2012-08-27,49.68
2012-08-28,49.34
2012-08-29,49.07
2012-08-30,48.83
2012-08-31,50.75
2012-09-04,50.59
2012-09-05,49.855
2012-09-06,50.9
2012-09-07,52.5
2012-09-10,52.0
2012-09-11,52.58
2012-09-12,52.755
2012-09-13,55.85
2012-09-14,57.65
2012-09-17,57.67
2012-09-18,57.15
2012-09-19,57.35
2012-09-20,56.79
2012-09-21,57.94
2012-09-24,55.81
2012-09-25,56.56
2012-09-26,55.85
2012-09-27,56.67
2012-09-28,56.52
2012-10-01,56.85
2012-10-02,56.09
2012-10-03,55.95
2012-10-04,56.64
2012-10-05,56.63
2012-10-08,56.01
2012-10-09,56.28
2012-10-10,55.06
2012-10-11,55.83
2012-10-12,55.7501
2012-10-15,55.03
2012-10-16,55.97
2012-10-17,56.38
2012-10-18,55.88
2012-10-19,55.31
2012-10-22,55.76
2012-10-23,54.82
2012-10-24,54.35
2012-10-25,53.79
2012-10-26,53.88
2012-10-31,54.96
2012-11-01,54.3
2012-11-02,52.13
2012-11-05,49.56
2012-11-06,48.92
2012-11-07,49.07
2012-11-08,49.577
2012-11-09,49.03
2012-11-12,48.32
2012-11-13,47.88
2012-11-14,47.51
2012-11-15,45.99
2012-11-16,46.23
2012-11-19,47.08
2012-11-20,46.75
2012-11-21,47.32
2012-11-23,47.8
2012-11-26,47.37
2012-11-27,47.33
2012-11-28,47.34
2012-11-29,47.74
2012-11-30,47.54
2012-12-03,47.13
2012-12-04,45.44
2012-12-05,45.14
2012-12-06,44.62
2012-12-07,44.74
2012-12-10,45.36
2012-12-11,45.57
2012-12-12,45.81
2012-12-13,44.95
2012-12-14,44.52
2012-12-17,44.76
2012-12-18,44.865
2012-12-19,44.42
2012-12-20,44.14
2012-12-21,45.05
2012-12-24,44.58
2012-12-26,45.3
2012-12-27,45.87
2012-12-28,45.8
2012-12-31,46.83
2013-01-02,47.59
2013-01-03,47.25
2013-01-04,46.05
2013-01-07,45.76
2013-01-08,45.93
2013-01-09,45.49
2013-01-10,46.13
2013-01-11,46.03
2013-01-14,45.89
2013-01-15,45.74
2013-01-16,45.18
2013-01-17,45.0
2013-01-18,45.225
2013-01-22,45.71
2013-01-23,45.79
2013-01-24,44.84
2013-01-25,44.188
2013-01-28,43.51
2013-01-29,43.65
2013-01-30,44.33
2013-01-31,43.31
2013-02-01,43.72
2013-02-04,44.5599
2013-02-05,44.47
2013-02-06,45.17
2013-02-07,45.82
2013-02-08,45.27
2013-02-11,44.67
2013-02-12,45.3
2013-02-13,45.48
2013-02-14,45.085
2013-02-15,43.8
2013-02-19,43.39
2013-02-20,42.54
2013-02-21,41.48
2013-02-22,41.76
2013-02-25,41.6
2013-02-26,41.72
2013-02-27,41.25
2013-02-28,40.84
2013-03-01,40.59
2013-03-04,39.74
2013-03-05,39.35
2013-03-06,40.04
2013-03-07,40.88
2013-03-08,40.08
2013-03-11,39.43
2013-03-12,40.1982
2013-03-13,39.8
2013-03-14,39.65
2013-03-15,39.84
2013-03-18,40.7
2013-03-19,40.72
2013-03-20,40.64
2013-03-21,41.835
2013-03-22,41.648999999999994
2013-03-25,41.62
2013-03-26,41.1299
2013-03-27,41.86
2013-03-28,41.94
2013-04-01,42.07
2013-04-02,41.1
2013-04-03,40.01
2013-04-04,39.28
2013-04-05,40.32
2013-04-08,39.52
2013-04-09,40.64
2013-04-10,39.85
2013-04-11,39.32
2013-04-12,38.25
2013-04-15,34.74
2013-04-16,34.84
2013-04-17,33.82
2013-04-18,33.11
2013-04-19,33.57
2013-04-22,33.92
2013-04-23,33.16
2013-04-24,34.5
2013-04-25,35.13
2013-04-26,34.54
2013-04-29,34.27
2013-04-30,33.32
2013-05-01,32.965
2013-05-02,32.99
2013-05-03,33.43
2013-05-06,33.48
2013-05-07,32.739000000000004
2013-05-08,34.07
2013-05-09,34.25
2013-05-10,33.12
2013-05-13,32.94
2013-05-14,33.08
2013-05-15,32.278
2013-05-16,31.91
2013-05-17,31.32
2013-05-20,32.385999999999996
2013-05-21,32.22
2013-05-22,33.12
2013-05-23,32.74
2013-05-24,32.59
2013-05-28,32.65
2013-05-29,33.13
2013-05-30,34.48
2013-05-31,34.29
2013-06-03,35.44
2013-06-04,34.63
2013-06-05,35.14
2013-06-06,35.34
2013-06-07,34.42
2013-06-10,34.15
2013-06-11,33.73
2013-06-12,33.54
2013-06-13,33.7
2013-06-14,33.89
2013-06-17,33.63
2013-06-18,33.27
2013-06-19,33.23
2013-06-20,30.83
2013-06-21,30.37
2013-06-24,29.63
2013-06-25,29.45
2013-06-26,28.08
2013-06-27,28.23
2013-06-28,30.252
2013-07-01,30.6899
2013-07-02,30.12
2013-07-03,29.8099
2013-07-05,28.13
2013-07-08,28.26
2013-07-09,27.5
2013-07-10,27.19
2013-07-11,28.3
2013-07-12,27.94
2013-07-15,27.69
2013-07-16,28.74
2013-07-17,29.0
2013-07-18,28.445
2013-07-19,28.95
2013-07-22,30.68
2013-07-23,31.41
2013-07-24,31.06
2013-07-25,30.72
2013-07-26,30.44
2013-07-29,30.5
2013-07-30,30.34
2013-07-31,30.58
2013-08-01,30.35
2013-08-02,30.17
2013-08-05,29.16
2013-08-06,28.15
2013-08-07,27.04
2013-08-08,29.03
2013-08-09,29.78
2013-08-12,31.24
2013-08-13,30.76
2013-08-14,32.1
2013-08-15,33.375
2013-08-16,33.9
2013-08-19,32.77
2013-08-20,33.12
2013-08-21,32.77
2013-08-22,32.95
2013-08-23,33.63
2013-08-26,33.84
2013-08-27,34.27
2013-08-28,32.96
2013-08-29,32.12
2013-08-30,32.14
2013-09-03,32.18
2013-09-04,31.7
2013-09-05,31.53
2013-09-06,31.175
2013-09-09,30.75
2013-09-10,29.96
2013-09-11,29.63
2013-09-12,28.86
2013-09-13,28.675
2013-09-16,28.76
2013-09-17,28.52
2013-09-18,31.12
2013-09-19,30.97
2013-09-20,29.52
2013-09-23,28.75
2013-09-24,28.2897
2013-09-25,28.83
2013-09-26,28.69
2013-09-27,28.8075
2013-09-30,28.385
2013-10-01,27.5
2013-10-02,27.79
2013-10-03,27.68
2013-10-04,27.07
2013-10-07,27.28
2013-10-08,27.47
2013-10-09,26.76
2013-10-10,26.64
2013-10-11,25.92
2013-10-14,26.02
2013-10-15,26.16
2013-10-16,26.27
2013-10-17,27.42
2013-10-18,27.29
2013-10-21,27.51
2013-10-22,28.71
2013-10-23,28.4868
2013-10-24,28.155
2013-10-25,28.02
2013-10-28,28.5
2013-10-29,28.22
2013-10-30,28.47
2013-10-31,27.66
2013-11-01,27.06
2013-11-04,27.42
2013-11-05,27.58
2013-11-06,28.08
2013-11-07,28.08
2013-11-08,27.59
2013-11-11,27.65
2013-11-12,27.54
2013-11-13,27.3799
2013-11-14,28.2
2013-11-15,28.4473
2013-11-18,27.81
2013-11-19,27.37
2013-11-20,27.09
2013-11-21,26.23
2013-11-22,26.24
2013-11-25,25.75
2013-11-26,25.27
2013-11-27,25.22
2013-11-29,25.2
2013-12-02,24.6
2013-12-03,23.77
2013-12-04,24.21
2013-12-05,23.69
2013-12-06,23.56
2013-12-09,23.68
2013-12-10,24.57
2013-12-11,24.14
2013-12-12,23.43
2013-12-13,23.549
2013-12-16,23.58
2013-12-17,23.36
2013-12-18,23.645
2013-12-19,22.85
2013-12-20,22.92
2013-12-23,22.77
2013-12-24,23.17
2013-12-26,23.59
2013-12-27,23.64
2013-12-30,23.42
2013-12-31,23.2
2014-01-02,24.27
2014-01-03,24.285
2014-01-06,24.54
2014-01-07,23.98
2014-01-08,23.73
2014-01-09,23.41
2014-01-10,24.04
2014-01-13,23.96
2014-01-14,24.12
2014-01-15,23.81
2014-01-16,23.96
2014-01-17,24.88
2014-01-21,25.12
2014-01-22,24.71
2014-01-23,25.5
2014-01-24,25.65
2014-01-27,24.71
2014-01-28,24.76
2014-01-29,25.22
2014-01-30,24.39
2014-01-31,23.74
2014-02-03,21.85
2014-02-04,21.31
2014-02-05,21.455
2014-02-06,21.26
2014-02-07,21.65
2014-02-10,22.43
2014-02-11,23.03
2014-02-12,22.94
2014-02-13,23.56
2014-02-14,24.25
2014-02-18,24.33
2014-02-19,24.3201
2014-02-20,24.54
2014-02-21,24.09
2014-02-24,23.82
2014-02-25,24.08
2014-02-26,23.91
2014-02-27,24.075
2014-02-28,23.6
2014-03-03,24.25
2014-03-04,24.2
2014-03-05,24.66
2014-03-06,25.08
2014-03-07,24.64
2014-03-10,24.65
2014-03-11,24.55
2014-03-12,25.12
2014-03-13,25.53
2014-03-14,26.2
2014-03-17,26.37
2014-03-18,25.62
2014-03-19,25.34
2014-03-20,24.98
2014-03-21,24.98
2014-03-24,24.6
2014-03-25,24.193
2014-03-26,24.02
2014-03-27,23.15
2014-03-28,24.13
2014-03-31,24.1
2014-04-01,23.74
2014-04-02,24.46
2014-04-03,24.18
2014-04-04,24.645
2014-04-07,24.85
2014-04-08,25.061
2014-04-09,25.36
2014-04-10,25.51
2014-04-11,24.78
2014-04-14,24.74
2014-04-15,23.94
2014-04-16,24.02
2014-04-17,23.9
2014-04-21,25.47
2014-04-22,25.2
2014-04-23,26.26
2014-04-24,25.8
2014-04-25,26.5
2014-04-28,25.39
2014-04-29,25.27
2014-04-30,25.06
2014-05-01,24.89
2014-05-02,24.941
2014-05-05,25.02
2014-05-06,24.82
2014-05-07,24.29
2014-05-08,24.19
2014-05-09,24.12
2014-05-12,24.67
2014-05-13,24.97
2014-05-14,24.99
2014-05-15,24.55
2014-05-16,24.24
2014-05-19,24.13
2014-05-20,23.68
2014-05-21,23.61
2014-05-22,23.75
2014-05-23,23.62
2014-05-27,23.22
2014-05-28,22.62
2014-05-29,23.01
2014-05-30,22.9
2014-06-02,22.93
2014-06-03,22.83
2014-06-04,23.08
2014-06-05,23.1625
2014-06-06,23.19
2014-06-09,23.12
2014-06-10,23.02
2014-06-11,23.19
2014-06-12,23.46
2014-06-13,23.48
2014-06-16,23.52
2014-06-17,23.43
2014-06-18,23.74
2014-06-19,24.59
2014-06-20,24.92
2014-06-23,25.25
2014-06-24,25.42
2014-06-25,25.03
2014-06-26,25.09
2014-06-27,25.359
2014-06-30,25.54
2014-07-01,25.72
2014-07-02,25.5
2014-07-03,25.21
2014-07-07,25.1401
2014-07-08,24.96
2014-07-09,25.69
2014-07-10,26.04
2014-07-11,26.17
2014-07-14,25.64
2014-07-15,25.52
2014-07-16,25.61
2014-07-17,25.64
2014-07-18,25.53
2014-07-21,25.6
2014-07-22,25.5491
2014-07-23,25.46
2014-07-24,25.09
2014-07-25,25.23
2014-07-28,25.71
2014-07-29,25.76
2014-07-30,25.73
2014-07-31,25.4101
2014-08-01,25.36
2014-08-04,25.735
2014-08-05,25.93
2014-08-06,26.54
2014-08-07,26.28
2014-08-08,26.5
2014-08-11,26.63
2014-08-12,27.35
2014-08-13,27.3999
2014-08-14,27.32
2014-08-15,26.995
2014-08-18,26.93
2014-08-19,27.015
2014-08-20,26.95
2014-08-21,26.69
2014-08-22,26.65
2014-08-25,26.37
2014-08-26,26.57
2014-08-27,26.75
2014-08-28,26.99
2014-08-29,27.2
2014-09-02,26.85
2014-09-03,26.52
2014-09-04,26.5
2014-09-05,26.02
2014-09-08,25.89
2014-09-09,25.61
2014-09-10,25.56
2014-09-11,25.62
2014-09-12,25.5
2014-09-15,25.12
2014-09-16,25.34
2014-09-17,25.07
2014-09-18,24.59
2014-09-19,24.55
2014-09-22,24.17
2014-09-23,24.27
2014-09-24,24.2
2014-09-25,24.01
2014-09-26,23.9
2014-09-29,23.89
2014-09-30,23.59
2014-10-01,23.33
2014-10-02,23.46
2014-10-03,23.06
2014-10-06,23.22
2014-10-07,23.23
2014-10-08,23.71
2014-10-09,23.58
2014-10-10,22.91
2014-10-13,23.16
2014-10-14,23.21
2014-10-15,23.1
2014-10-16,22.99
2014-10-17,22.79
2014-10-20,22.91
2014-10-21,23.18
2014-10-22,23.07
2014-10-23,22.51
2014-10-24,22.1101
2014-10-27,21.9
2014-10-28,21.9
2014-10-29,21.69
2014-10-30,20.69
2014-10-31,19.7
2014-11-03,19.19
2014-11-04,19.15
2014-11-05,18.61
2014-11-06,18.56
2014-11-07,19.21
2014-11-10,19.02
2014-11-11,18.87
2014-11-12,19.04
2014-11-13,18.83
2014-11-14,19.2
2014-11-17,19.36
2014-11-18,19.96
2014-11-19,19.97
2014-11-20,19.705
2014-11-21,20.07
2014-11-24,19.635
2014-11-25,19.73
2014-11-26,19.75
2014-11-28,19.06
2014-12-01,19.86
2014-12-02,19.565
2014-12-03,19.835
2014-12-04,19.69
2014-12-05,19.14
2014-12-08,19.53
2014-12-09,20.45
2014-12-10,20.349
2014-12-11,20.04
2014-12-12,19.54
2014-12-15,18.99
2014-12-16,18.37
2014-12-17,18.58
2014-12-18,19.43
2014-12-19,20.09
2014-12-22,19.17
2014-12-23,18.66
2014-12-24,18.71
2014-12-26,19.14
2014-12-29,18.85
2014-12-30,19.49
2014-12-31,19.23
2015-01-02,19.385
2015-01-05,19.6
2015-01-06,20.66
2015-01-07,20.52
2015-01-08,20.38
2015-01-09,20.73
2015-01-12,21.4
2015-01-13,21.53
2015-01-14,20.74
2015-01-15,21.9
2015-01-16,22.29
2015-01-20,23.72
2015-01-21,24.44
2015-01-22,24.69
2015-01-23,24.43
2015-01-26,24.63
2015-01-27,25.25
2015-01-28,25.05
2015-01-29,24.34
2015-01-30,25.22
2015-02-02,25.2
2015-02-03,25.065
2015-02-04,25.03
2015-02-05,24.86
2015-02-06,24.3
2015-02-09,24.74
2015-02-10,24.57
2015-02-11,24.6
2015-02-12,24.7
2015-02-13,25.06
2015-02-17,24.6
2015-02-18,24.85
2015-02-19,25.02
2015-02-20,26.38
2015-02-23,26.13
2015-02-24,25.91
2015-02-25,26.13
2015-02-26,26.55
2015-02-27,26.7
2015-03-02,26.51
2015-03-03,26.335
2015-03-04,25.705
2015-03-05,25.65
2015-03-06,24.41
2015-03-09,23.38
2015-03-10,22.93
2015-03-11,22.48
2015-03-12,22.63
2015-03-13,22.38
2015-03-16,22.38
2015-03-17,22.45
2015-03-18,23.07
2015-03-19,23.3
2015-03-20,23.33
2015-03-23,23.29
2015-03-24,23.2
2015-03-25,23.2
2015-03-26,23.08
2015-03-27,22.51
2015-03-30,22.265
2015-03-31,22.21
2015-04-01,22.77
2015-04-02,22.91
2015-04-06,23.095
2015-04-07,22.53
2015-04-08,22.38
2015-04-09,22.34
2015-04-10,22.61
2015-04-13,22.82
2015-04-14,22.89
2015-04-15,23.56
2015-04-16,24.04
2015-04-17,23.94
2015-04-20,23.61
2015-04-21,23.6
2015-04-22,23.49
2015-04-23,23.55
2015-04-24,25.38
2015-04-27,26.36
2015-04-28,26.38
2015-04-29,26.79
2015-04-30,26.53
2015-05-01,26.53
2015-05-04,26.8
2015-05-05,26.74
2015-05-06,26.23
2015-05-07,25.84
2015-05-08,26.32
2015-05-11,26.38
2015-05-12,26.66
2015-05-13,27.64
2015-05-14,27.77
2015-05-15,27.79
2015-05-18,27.715
2015-05-19,27.45
2015-05-20,27.9
2015-05-21,27.64
2015-05-22,27.27
2015-05-26,26.715
2015-05-27,27.09
2015-05-28,27.51
2015-05-29,27.56
2015-06-01,27.48
2015-06-02,27.34
2015-06-03,27.01
2015-06-04,26.81
2015-06-05,26.45
2015-06-08,25.97
2015-06-09,25.9
2015-06-10,24.13
2015-06-11,23.84
2015-06-12,23.86
2015-06-15,24.47
2015-06-16,24.15
2015-06-17,24.66
2015-06-18,25.09
2015-06-19,25.065
2015-06-22,24.29
2015-06-23,24.41
2015-06-24,24.39
2015-06-25,24.17
2015-06-26,24.05
2015-06-29,24.02
2015-06-30,23.605
2015-07-01,23.4
2015-07-02,23.705
2015-07-06,24.07
2015-07-07,23.47
2015-07-08,22.785
2015-07-09,22.9
2015-07-10,22.92
2015-07-13,22.555
2015-07-14,22.61
2015-07-15,22.15
2015-07-16,21.76
2015-07-17,21.2
2015-07-20,20.0
2015-07-21,19.08
2015-07-22,18.93
2015-07-23,18.74
2015-07-24,17.95
2015-07-27,18.15
2015-07-28,17.69
2015-07-29,17.87
2015-07-30,17.71
2015-07-31,17.8
2015-08-03,17.2
2015-08-04,16.84
2015-08-05,16.94
2015-08-06,16.87
2015-08-07,16.72
2015-08-10,17.07
2015-08-11,17.1
2015-08-12,18.44
2015-08-13,18.06
2015-08-14,17.8116
2015-08-17,17.96
2015-08-18,17.68
2015-08-19,18.02
2015-08-20,18.8
2015-08-21,18.92
2015-08-24,18.4799
2015-08-25,17.25
2015-08-26,16.11
2015-08-27,16.82
2015-08-28,17.37
2015-08-31,17.25
2015-09-01,17.44
2015-09-02,16.88
2015-09-03,16.71
2015-09-04,16.05
2015-09-08,16.025
2015-09-09,16.085
2015-09-10,15.91
2015-09-11,16.29
2015-09-14,16.19
2015-09-15,16.345
2015-09-16,17.07
2015-09-17,17.47
2015-09-18,17.65
2015-09-21,16.98
2015-09-22,16.36
2015-09-23,15.87
2015-09-24,16.81
2015-09-25,16.67
2015-09-28,16.28
2015-09-29,16.25
2015-09-30,16.17
2015-10-01,16.44
2015-10-02,17.085
2015-10-05,18.13
2015-10-06,18.65
2015-10-07,19.205
2015-10-08,19.41
2015-10-09,19.46
2015-10-12,19.26
2015-10-13,18.61
2015-10-14,19.59
2015-10-15,19.44
2015-10-16,19.46
2015-10-19,19.205
2015-10-20,19.14
2015-10-21,18.73
2015-10-22,19.13
2015-10-23,19.64
2015-10-26,19.41
2015-10-27,19.14
2015-10-28,20.3
2015-10-29,20.57
2015-10-30,20.13
2015-11-02,19.76
2015-11-03,19.49
2015-11-04,19.51
2015-11-05,18.96
2015-11-06,17.7
2015-11-09,17.94
2015-11-10,17.8
2015-11-11,17.83
2015-11-12,17.87
2015-11-13,17.51
2015-11-16,17.905
2015-11-17,17.67
2015-11-18,17.72
2015-11-19,18.1099
2015-11-20,18.18
2015-11-23,17.67
2015-11-24,18.145
2015-11-25,18.25
2015-11-27,17.63
2015-11-30,18.52
2015-12-01,18.45
2015-12-02,18.39
2015-12-03,18.94
2015-12-04,20.49
2015-12-07,20.17
2015-12-08,19.7
2015-12-09,20.04
2015-12-10,19.79
2015-12-11,19.8
2015-12-14,19.13
2015-12-15,18.58
2015-12-16,19.26
2015-12-17,19.08
2015-12-18,18.15
2015-12-21,18.25
2015-12-22,17.89
2015-12-23,18.25
2015-12-24,18.61
2015-12-28,18.4
2015-12-29,18.17
2015-12-30,17.81
2015-12-31,18.05
2016-01-04,18.75
2016-01-05,18.57
2016-01-06,19.05
2016-01-07,19.11
2016-01-08,18.78
2016-01-11,18.24
2016-01-12,17.18
2016-01-13,17.61
2016-01-14,17.6
2016-01-15,17.8699
2016-01-19,17.85
2016-01-20,16.72
2016-01-21,16.77
2016-01-22,16.93
2016-01-25,17.799
2016-01-26,18.8
2016-01-27,19.48
2016-01-28,19.75
2016-01-29,20.07
2016-02-01,20.645
2016-02-02,20.41
2016-02-03,22.395
2016-02-04,24.15
2016-02-05,24.5
2016-02-08,25.94
2016-02-09,26.015
2016-02-10,24.38
2016-02-11,26.1
2016-02-12,25.95
2016-02-16,25.78
2016-02-17,25.15
2016-02-18,25.33
2016-02-19,25.6
2016-02-22,25.49
2016-02-23,25.85
2016-02-24,26.4
2016-02-25,25.945
2016-02-26,26.245
2016-02-29,26.385
2016-03-01,26.46
2016-03-02,26.41
2016-03-03,27.13
2016-03-04,27.98
2016-03-07,27.0931
2016-03-08,26.94
2016-03-09,26.27
2016-03-10,27.62
2016-03-11,27.49
2016-03-14,27.13
2016-03-15,26.48
2016-03-16,27.65
2016-03-17,28.3935
2016-03-18,28.28
2016-03-21,28.09
2016-03-22,28.2905
2016-03-23,26.56
2016-03-24,25.49
2016-03-28,25.77
2016-03-29,27.03
2016-03-30,26.9
2016-03-31,27.1
2016-04-01,26.66
2016-04-04,26.61
2016-04-05,27.33
2016-04-06,27.75
2016-04-07,28.55
2016-04-08,29.36
2016-04-11,31.15
2016-04-12,31.25
2016-04-13,30.47
2016-04-14,29.64
2016-04-15,29.47
2016-04-18,29.53
2016-04-19,31.11
2016-04-20,31.75
2016-04-21,32.58
2016-04-22,32.3499
2016-04-25,31.59
2016-04-26,32.1031
2016-04-27,32.335
2016-04-28,33.6
2016-04-29,34.99
2016-05-02,35.2
2016-05-03,34.5924
2016-05-04,33.84
2016-05-05,33.3
2016-05-06,34.62
2016-05-09,32.89
2016-05-10,33.17
2016-05-11,34.7
2016-05-12,34.23
2016-05-13,34.235
2016-05-16,35.54
2016-05-17,35.75
2016-05-18,35.66
2016-05-19,34.354
2016-05-20,34.58
2016-05-23,34.3
2016-05-24,33.23
2016-05-25,32.6599
2016-05-26,33.08
2016-05-27,32.95
2016-05-31,33.06
2016-06-01,32.97
2016-06-02,32.69
2016-06-03,35.46
2016-06-06,35.6797
2016-06-07,35.37
2016-06-08,36.41
2016-06-09,35.965
2016-06-10,36.815
2016-06-13,37.0
2016-06-14,36.06
2016-06-15,36.71
2016-06-16,37.39
2016-06-17,36.29
2016-06-20,35.49
2016-06-21,35.2199
2016-06-22,35.82
2016-06-23,35.87
2016-06-24,38.68
2016-06-27,38.45
2016-06-28,37.77
2016-06-29,37.96
2016-06-30,39.245
2016-07-01,40.49
2016-07-05,40.99
2016-07-06,41.46
2016-07-07,41.27
2016-07-08,41.3899
2016-07-11,41.09
2016-07-12,40.95
2016-07-13,41.27
2016-07-14,41.68
2016-07-15,41.57
2016-07-18,41.63
2016-07-19,41.56
2016-07-20,40.69
2016-07-21,40.869
2016-07-22,41.485
2016-07-25,41.05
2016-07-26,41.285
2016-07-27,42.59
2016-07-28,42.81
2016-07-29,44.17
2016-08-01,44.24
2016-08-02,45.91
2016-08-03,45.68
2016-08-04,45.44
2016-08-05,44.49
2016-08-08,45.09
2016-08-09,45.47
2016-08-10,46.02
2016-08-11,45.91
2016-08-12,46.07
2016-08-15,45.45
2016-08-16,45.1
2016-08-17,44.35
2016-08-18,44.7
2016-08-19,44.31
2016-08-22,43.73
2016-08-23,43.825
2016-08-24,42.5
2016-08-25,40.97
2016-08-26,41.45
2016-08-29,41.14
2016-08-30,40.56
2016-08-31,38.56
2016-09-01,39.44
2016-09-02,40.99
2016-09-06,42.0
2016-09-07,42.12
2016-09-08,42.69
2016-09-09,41.3
2016-09-12,40.58
2016-09-13,40.059
2016-09-14,39.46
2016-09-15,39.4
2016-09-16,38.94
2016-09-19,38.88
2016-09-20,38.67
2016-09-21,41.15
2016-09-22,41.97
2016-09-23,40.91
2016-09-26,40.045
2016-09-27,38.87
2016-09-28,39.365
2016-09-29,39.36
2016-09-30,39.87
2016-10-03,39.33
2016-10-04,36.87
2016-10-05,35.1
2016-10-06,34.28
2016-10-07,34.85
2016-10-10,34.56
2016-10-11,34.44
2016-10-12,34.79
2016-10-13,35.65
2016-10-14,35.02
2016-10-17,35.33
2016-10-18,36.29
2016-10-19,37.16
2016-10-20,37.15
2016-10-21,37.0
2016-10-24,36.67
2016-10-25,36.96
2016-10-26,36.67
2016-10-27,36.38
2016-10-28,35.92
2016-10-31,37.095
2016-11-01,38.465
2016-11-02,38.87
2016-11-03,37.9
2016-11-04,37.9549
2016-11-07,36.82
2016-11-08,37.05
2016-11-09,38.4
2016-11-10,36.9
2016-11-11,34.56
2016-11-14,32.76
2016-11-15,34.03
2016-11-16,33.89
2016-11-17,34.27
2016-11-18,33.34
2016-11-21,33.41
2016-11-22,33.39
2016-11-23,31.94
2016-11-25,32.15
2016-11-28,33.5
2016-11-29,33.83
2016-11-30,33.2
2016-12-01,32.85
2016-12-02,33.67
2016-12-05,33.97
2016-12-06,33.86
2016-12-07,34.02
2016-12-08,34.06
2016-12-09,33.66
2016-12-12,33.11
2016-12-13,33.94
2016-12-14,34.43
2016-12-15,31.37
2016-12-16,31.8
2016-12-19,32.08
2016-12-20,31.76
2016-12-21,31.955
2016-12-22,31.88
2016-12-23,32.555
2016-12-27,33.24
2016-12-28,32.87
2016-12-29,35.31
2016-12-30,36.085
2017-01-03,35.0
2017-01-04,34.995
2017-01-05,37.25
2017-01-06,36.49
2017-01-09,36.16
2017-01-10,36.17
2017-01-11,34.79
2017-01-12,35.3539
2017-01-13,34.65
2017-01-17,35.84
2017-01-18,35.95
2017-01-19,35.44
2017-01-20,35.39
2017-01-23,35.995
2017-01-24,36.925
2017-01-25,35.58
2017-01-26,34.265
2017-01-27,34.67
2017-01-30,35.49
2017-01-31,36.35
2017-02-01,36.03
2017-02-02,36.88
2017-02-03,37.2
2017-02-06,37.94
2017-02-07,37.7864
2017-02-08,37.87
2017-02-09,38.01
2017-02-10,37.72
2017-02-13,37.57
2017-02-14,37.68
2017-02-15,37.16
2017-02-16,37.69
2017-02-17,37.65
2017-02-21,37.49
2017-02-22,37.09
2017-02-23,36.99
2017-02-24,36.9
2017-02-27,36.24
2017-02-28,35.01
2017-03-01,34.71
2017-03-02,34.15
2017-03-03,34.305
2017-03-06,33.82
2017-03-07,33.35
2017-03-08,33.53
2017-03-09,33.13
2017-03-10,33.17
2017-03-13,33.23
2017-03-14,33.2699
2017-03-15,34.22
2017-03-16,34.49
2017-03-17,33.5
2017-03-20,33.56
2017-03-21,34.35
2017-03-22,34.56
2017-03-23,34.17
2017-03-24,33.78
2017-03-27,34.27
2017-03-28,34.21
2017-03-29,33.32
2017-03-30,33.16
2017-03-31,33.4
2017-04-03,33.92
2017-04-04,34.19
2017-04-05,34.58
2017-04-06,34.29
2017-04-07,34.97
2017-04-10,34.69
2017-04-11,35.53
2017-04-12,35.42
2017-04-13,35.21
2017-04-17,34.885
2017-04-18,34.58
2017-04-19,34.29
2017-04-20,34.13
2017-04-21,34.44
2017-04-24,34.18
2017-04-25,33.75
2017-04-26,33.02
2017-04-27,33.13
2017-04-28,33.96
2017-05-01,33.86
2017-05-02,33.09
2017-05-03,33.36
2017-05-04,32.505
2017-05-05,33.07
2017-05-08,32.88
2017-05-09,32.83
2017-05-10,33.16
2017-05-11,33.64
2017-05-12,34.03
2017-05-15,34.16
2017-05-16,33.96
2017-05-17,34.81
2017-05-18,34.12
2017-05-19,33.68
2017-05-22,34.03
2017-05-23,33.97
2017-05-24,33.7
2017-05-25,33.69
2017-05-26,34.285
2017-05-30,34.105
2017-05-31,34.385
2017-06-01,34.22
2017-06-02,34.66
2017-06-05,34.13
2017-06-06,35.425
2017-06-07,35.561
2017-06-08,35.29
2017-06-09,34.83
2017-06-12,34.63
2017-06-13,34.8269
2017-06-14,35.11
2017-06-15,33.8
2017-06-16,33.25
2017-06-19,33.1153
2017-06-20,32.9957
2017-06-21,33.225
2017-06-22,33.67
2017-06-23,33.94
2017-06-26,34.085
2017-06-27,34.02
2017-06-28,33.43
2017-06-29,32.82
2017-06-30,32.53
2017-07-03,31.97
2017-07-05,32.9901
2017-07-06,32.72
2017-07-07,32.35
2017-07-10,32.665
2017-07-11,33.01
2017-07-12,33.48
2017-07-13,33.45
2017-07-14,33.64
2017-07-17,33.991
2017-07-18,33.96
2017-07-19,34.06
2017-07-20,34.315
2017-07-21,34.46
2017-07-24,34.47
2017-07-25,36.6352
2017-07-26,37.3
2017-07-27,37.35
2017-07-28,37.13
2017-07-31,37.33
2017-08-01,37.25
2017-08-02,37.14
2017-08-03,37.07
2017-08-04,36.55
2017-08-07,36.44
2017-08-08,36.38
2017-08-09,36.33
2017-08-10,36.66
2017-08-11,36.74
2017-08-14,36.3
2017-08-15,35.94
2017-08-16,36.23
2017-08-17,36.21
2017-08-18,37.3
2017-08-21,36.79
2017-08-22,37.13
2017-08-23,37.0
2017-08-24,37.095
2017-08-25,37.34
2017-08-28,38.91
2017-08-29,38.89
2017-08-30,38.105
2017-08-31,38.43
2017-09-01,38.82
2017-09-05,39.11
2017-09-06,38.95
2017-09-07,39.625
2017-09-08,39.55
2017-09-11,39.28
2017-09-12,38.43
2017-09-13,38.26
2017-09-14,38.24
2017-09-15,38.14
2017-09-18,37.9508
2017-09-19,38.15
2017-09-20,38.705
2017-09-21,37.92
2017-09-22,37.97
2017-09-25,38.66
2017-09-26,38.57
2017-09-27,37.5
2017-09-28,37.82
2017-09-29,37.69
2017-10-02,37.98
2017-10-03,38.27
2017-10-04,38.48
2017-10-05,38.3
2017-10-06,38.17
2017-10-09,38.44
2017-10-10,38.57
2017-10-11,38.33
2017-10-12,38.53
2017-10-13,38.8462
2017-10-16,38.75
2017-10-17,38.46
2017-10-18,38.36
2017-10-19,38.26
2017-10-20,37.97
2017-10-23,37.68
2017-10-24,37.57
2017-10-25,37.18
2017-10-26,37.49
2017-10-27,36.35
2017-10-30,36.39
2017-10-31,36.2999
2017-11-01,36.46
2017-11-02,36.5
2017-11-03,36.485
2017-11-06,36.8
2017-11-07,36.545
2017-11-08,36.49
2017-11-09,36.42
2017-11-10,36.08
2017-11-13,36.015
2017-11-14,36.345
2017-11-15,36.48
2017-11-16,36.2
2017-11-17,36.32
2017-11-20,36.49
2017-11-21,36.74
2017-11-22,36.92
2017-11-24,37.06
2017-11-27,37.11
2017-11-28,37.59
2017-11-29,36.91
2017-11-30,37.2
2017-12-01,37.61
2017-12-04,37.24
2017-12-05,36.795
2017-12-06,36.3999
2017-12-07,36.13
2017-12-08,36.2
2017-12-11,35.75
2017-12-12,34.68
2017-12-13,36.02
2017-12-14,36.08
2017-12-15,36.29
2017-12-18,36.96
2017-12-19,36.78
2017-12-20,36.72
2017-12-21,36.93
2017-12-22,36.99
2017-12-26,38.04
2017-12-27,37.84
2017-12-28,37.81
2017-12-29,37.77
2018-01-02,38.295
2018-01-03,38.26
2018-01-04,38.26
2018-01-05,38.43
2018-01-08,38.52
2018-01-09,38.32
2018-01-10,38.5
2018-01-11,38.895
2018-01-12,39.83
2018-01-16,40.215
2018-01-17,40.25
2018-01-18,40.0
2018-01-19,39.64
2018-01-22,39.69
2018-01-23,40.44
2018-01-24,42.04
2018-01-25,41.93
2018-01-26,41.3
2018-01-29,40.92
2018-01-30,40.55
2018-01-31,40.61
2018-02-01,41.02
2018-02-02,39.89
2018-02-05,39.48
