dt,volume
2010-03-05,52862527
2010-03-08,19681925
2010-03-09,164955035
2010-03-10,104272315
2010-03-11,29133685
2010-03-12,17092604
2010-03-15,28919791
2010-03-16,18382049
2010-03-17,120904168
2010-03-18,50423259
2010-03-19,36877142
2010-03-22,21820113
2010-03-23,106808898
2010-03-24,33664669
2010-03-25,26309894
2010-03-26,23400393
2010-03-29,13670883
2010-03-30,16271150
2010-03-31,11180128
2010-04-01,26077239
2010-04-05,17922204
2010-04-06,12646954
2010-04-07,11963084
2010-04-08,8025360
2010-04-09,12163470
2010-04-12,96868093
2010-04-13,36112779
2010-04-14,55613315
2010-04-15,41648274
2010-04-16,58103629
2010-04-19,36770839
2010-04-20,24591144
2010-04-21,18877533
2010-04-22,17928093
2010-04-23,21604567
2010-04-26,18109198
2010-04-27,18144346
2010-04-28,15721482
2010-04-29,16681829
2010-04-30,11406360
2010-05-03,24749058
2010-05-04,39927445
2010-05-05,19317099
2010-05-06,28913106
2010-05-07,231685024
2010-05-10,70353472
2010-05-11,25685877
2010-05-12,26294413
2010-05-13,23710229
2010-05-14,27893843
2010-05-17,25108052
2010-05-18,22054288
2010-05-19,66302576
2010-05-20,81676648
2010-05-21,59521106
2010-05-24,23572273
2010-05-25,36643215
2010-05-26,23130404
2010-05-27,33055155
2010-05-28,12694584
2010-06-01,15425779
2010-06-02,9542435
2010-06-03,11018586
2010-06-04,25326111
2010-06-07,16212357
2010-06-08,34452236
2010-06-09,15473548
2010-06-10,13138545
2010-06-11,15163543
2010-06-14,30965390
2010-06-15,13915953
2010-06-16,19831322
2010-06-17,15565868
2010-06-18,18732874
2010-06-21,18725288
2010-06-22,19510038
2010-06-23,12861121
2010-06-24,25588587
2010-06-25,33955766
2010-06-28,16050928
2010-06-29,32157285
2010-06-30,24562427
2010-07-30,2000
2010-08-02,20228429
2010-08-03,14114183
2010-08-04,12545122
2010-08-05,15870078
2010-08-06,10241364
2010-08-09,11846700
2010-08-10,15916527
2010-08-11,19261818
2010-08-12,16316298
2010-08-13,12913848
2010-08-16,9446537
2010-08-17,30720822
2010-08-18,14770209
2010-08-19,26336874
2010-08-20,10604784
2010-08-23,14127119
2010-08-24,14038489
2010-08-25,28655690
2010-08-26,21642077
2010-08-27,21239364
2010-08-30,15509186
2010-08-31,29815769
2010-09-01,4124
2010-09-02,2500
2010-09-08,3000
2010-09-16,3000
2010-09-27,3000
2010-09-30,2500
2010-10-05,23000
2010-10-27,1400
2010-11-05,459375
2010-11-08,3543065
2010-11-09,3454578
2010-11-10,105649305
2010-11-11,127788698
2010-11-12,99945882
2010-11-15,65173978
2010-11-16,1112463327
2010-11-17,249875184
2010-11-18,163815175
2010-11-19,147151361
2010-11-22,69326842
2010-11-23,112897124
2010-11-24,71652632
2010-11-26,44333952
2010-11-29,162885884
2010-11-30,206254305
2010-12-01,144285961
2010-12-02,82667950
2010-12-03,51405393
2010-12-06,56627646
2010-12-07,58132746
2010-12-08,46168130
2010-12-09,54340888
2010-12-10,66691183
2010-12-13,58864207
2010-12-14,60266722
2010-12-15,82072448
2010-12-16,86575971
2010-12-17,190029944
2010-12-20,80993182
2010-12-21,58928399
2010-12-22,49374155
2010-12-23,20495440
2010-12-27,18789317
2010-12-28,35539403
2010-12-29,27853576
2010-12-30,22565911
2010-12-31,24496958
2011-01-03,37420407
2011-01-04,63367725
2011-01-05,52390493
2011-01-06,98778702
2011-01-07,59308740
2011-01-10,88936764
2011-01-11,92599860
2011-01-12,68299065
2011-01-13,47565549
2011-01-14,58017478
2011-01-18,76625857
2011-01-19,52040159
2011-01-20,68289819
2011-01-21,46036426
2011-01-24,73758197
2011-01-25,75881321
2011-01-26,62577913
2011-01-27,62100974
2011-01-28,53521838
2011-01-31,54395409
2011-02-01,79634532
2011-02-02,60980186
2011-02-03,30869078
2011-02-04,58530269
2011-02-07,58826925
2011-02-08,37901189
2011-02-09,34616300
2011-02-10,27184841
2011-02-11,33458869
2011-02-14,27851438
2011-02-15,41858920
2011-02-16,50167283
2011-02-17,38862433
2011-02-18,33569493
2011-02-22,29420581
2011-02-23,63819403
2011-02-24,43261433
2011-02-25,59909550
2011-02-28,52517012
2011-03-01,83353374
2011-03-02,56315880
2011-03-03,83052703
2011-03-04,38018041
2011-03-07,58397875
2011-03-08,56053463
2011-03-09,49842645
2011-03-10,64780864
2011-03-11,39803503
2011-03-14,46561871
2011-03-15,48803976
2011-03-16,47936343
2011-03-17,35341947
2011-03-18,50102034
2011-03-21,48215578
2011-03-22,41569542
2011-03-23,66242578
2011-03-24,48329986
2011-03-25,23717604
2011-03-28,13944276
2011-03-29,21752777
2011-03-30,25657056
2011-03-31,70381905
2011-04-01,34957768
2011-04-04,25565652
2011-04-05,42373015
2011-04-06,20391501
2011-04-07,37039713
2011-04-08,27908061
2011-04-11,21330426
2011-04-12,21660518
2011-04-13,35821186
2011-04-14,84758439
2011-04-15,33039268
2011-04-18,42210244
2011-04-19,23125776
2011-04-20,35955836
2011-04-21,39685522
2011-04-25,44949069
2011-04-26,83006830
2011-04-27,59652931
2011-04-28,94260775
2011-04-29,39029990
2011-05-02,36680154
2011-05-03,35318961
2011-05-04,34250413
2011-05-05,51006827
2011-05-06,52393586
2011-05-09,45503927
2011-05-10,82499705
2011-05-11,49760809
2011-05-12,47882725
2011-05-13,33921913
2011-05-16,21839103
2011-05-17,70408587
2011-05-18,31063787
2011-05-19,89838732
2011-05-20,71754142
2011-05-23,73548734
2011-05-24,67076986
2011-05-25,77437564
2011-05-26,37028574
2011-05-27,43360581
2011-05-31,58470820
2011-06-01,64320565
2011-06-02,66192456
2011-06-03,116807944
2011-06-06,54659486
2011-06-07,37542020
2011-06-08,40689635
2011-06-09,45188328
2011-06-10,57165505
2011-06-13,51435423
2011-06-14,46828758
2011-06-15,39646038
2011-06-16,49183172
2011-06-17,77977377
2011-06-20,36497228
2011-06-21,44126483
2011-06-22,41731183
2011-06-23,34014201
2011-06-24,35480339
2011-06-27,28826547
2011-06-28,45992968
2011-06-29,27949148
2011-06-30,27895284
2011-07-01,31262507
2011-07-05,29654208
2011-07-06,33509396
2011-07-07,47318246
2011-07-08,34223503
2011-07-11,26516003
2011-07-12,49468081
2011-07-13,44931098
2011-07-14,31378184
2011-07-15,19379473
2011-07-18,23344034
2011-07-19,37262847
2011-07-20,24962949
2011-07-21,34455731
2011-07-22,20825219
2011-07-25,22777129
2011-07-26,20006357
2011-07-27,32517138
2011-07-28,53631949
2011-07-29,22331349
2011-08-01,39469740
2011-08-02,166851449
2011-08-03,93078262
2011-08-04,108461336
2011-08-05,130420201
2011-08-08,105231608
2011-08-09,140825295
2011-08-10,171788358
2011-08-11,56283379
2011-08-12,74871238
2011-08-15,26670976
2011-08-16,40921534
2011-08-17,33072154
2011-08-18,54396127
2011-08-19,66794807
2011-08-22,53248396
2011-08-23,38247469
2011-08-24,32938583
2011-08-25,38038455
2011-08-26,53116282
2011-08-29,28523015
2011-08-30,28192915
2011-08-31,39534940
2011-09-01,41971733
2011-09-02,48641592
2011-09-06,47869256
2011-09-07,72862983
2011-09-08,32186318
2011-09-09,44390075
2011-09-12,41461363
2011-09-13,74762156
2011-09-14,63544743
2011-09-15,62991595
2011-09-16,66707998
2011-09-19,52887929
2011-09-20,44922973
2011-09-21,41039601
2011-09-22,44804209
2011-09-23,41428481
2011-09-26,45971029
2011-09-27,38265952
2011-09-28,61770606
2011-09-29,46597078
2011-09-30,44273264
2011-10-03,60162580
2011-10-04,101546640
2011-10-05,49679307
2011-10-06,73996411
2011-10-07,51882881
2011-10-10,46799221
2011-10-11,33706602
2011-10-12,42008295
2011-10-13,44486473
2011-10-14,28770028
2011-10-17,22818595
2011-10-18,62410055
2011-10-19,35029376
2011-10-20,24807405
2011-10-21,35080057
2011-10-24,50468981
2011-10-25,68694526
2011-10-26,49831661
2011-10-27,62195297
2011-10-28,32304049
2011-10-31,36324474
2011-11-01,52654212
2011-11-02,42600898
2011-11-03,35907288
2011-11-04,21619423
2011-11-07,21134767
2011-11-08,35667754
2011-11-09,51375496
2011-11-10,40683007
2011-11-11,28115154
2011-11-14,21541653
2011-11-15,19697057
2011-11-16,21819671
2011-11-17,47594174
2011-11-18,33674216
2011-11-21,35748146
2011-11-22,35899191
2011-11-23,26471433
2011-11-25,7073280
2011-11-28,58967451
2011-11-29,57696271
2011-11-30,48880519
2011-12-01,48346815
2011-12-02,49166802
2011-12-05,59685236
2011-12-06,53238475
2011-12-07,34659531
2011-12-08,41788071
2011-12-09,44144935
2011-12-12,46212237
2011-12-13,50041510
2011-12-14,47072249
2011-12-15,56708924
2011-12-16,66073086
2011-12-19,50425123
2011-12-20,61778816
2011-12-21,37895823
2011-12-22,51247984
2011-12-23,15203231
2011-12-27,13261921
2011-12-28,29367690
2011-12-29,30911564
2011-12-30,49524801
2012-01-03,45665304
2012-01-04,32934345
2012-01-05,29269982
2012-01-06,46150904
2012-01-09,14954466
2012-01-10,21152829
2012-01-11,18969267
2012-01-12,28888638
2012-01-13,39716647
2012-01-17,57711345
2012-01-18,46492317
2012-01-19,44940353
2012-01-20,35859551
2012-01-23,54763459
2012-01-24,20133077
2012-01-25,26550575
2012-01-26,38785472
2012-01-27,19288145
2012-01-30,42390009
2012-01-31,47149148
2012-02-01,70892901
2012-02-02,52474469
2012-02-03,74416883
2012-02-06,24728204
2012-02-07,33579956
2012-02-08,66040468
2012-02-09,76359482
2012-02-10,41984251
2012-02-13,29739011
2012-02-14,28484629
2012-02-15,74557296
2012-02-16,45899666
2012-02-17,31684958
2012-02-21,24517357
2012-02-22,31567799
2012-02-23,30678318
2012-02-24,22523745
2012-02-27,32469284
2012-02-28,41697575
2012-02-29,55937579
2012-03-01,39005763
2012-03-02,31347622
2012-03-05,23539045
2012-03-06,55381098
2012-03-07,42805886
2012-03-08,46173308
2012-03-09,71378875
2012-03-12,23155022
2012-03-13,32163780
2012-03-14,31890026
2012-03-15,41985952
2012-03-16,35731983
2012-03-19,49132105
2012-03-20,34602087
2012-03-21,26293631
2012-03-22,85871166
2012-03-23,25575270
2012-03-26,24687229
2012-03-27,24179698
2012-03-28,36266322
2012-03-29,28446742
2012-03-30,42821318
2012-04-02,38738738
2012-04-03,35216774
2012-04-04,25509988
2012-04-05,33029451
2012-04-09,23938224
2012-04-10,36838435
2012-04-11,22532906
2012-04-12,20571102
2012-04-13,15604607
2012-04-16,14121358
2012-04-17,26337089
2012-04-18,24173633
2012-04-19,21684373
2012-04-20,17878317
2012-04-23,45180570
2012-04-24,30336915
2012-04-25,26052834
2012-04-26,31041323
2012-04-27,45905293
2012-04-30,28849776
2012-05-01,44222054
2012-05-02,79757381
2012-05-03,33897920
2012-05-04,42708517
2012-05-07,43416323
2012-05-08,81540308
2012-05-09,46622487
2012-05-10,59567850
2012-05-11,41821012
2012-05-14,49971670
2012-05-15,38244142
2012-05-16,31309558
2012-05-17,37915609
2012-05-18,26262208
2012-05-21,47168281
2012-05-22,33138389
2012-05-23,24745591
2012-05-24,27157347
2012-05-25,16003170
2012-05-29,22074091
2012-05-30,25414227
2012-05-31,27756776
2012-06-01,31862358
2012-06-04,34873035
2012-06-05,26495228
2012-06-06,46420131
2012-06-07,57984248
2012-06-08,24950639
2012-06-11,91021657
2012-06-12,34212037
2012-06-13,40384775
2012-06-14,51452447
2012-06-15,51103661
2012-06-18,38438909
2012-06-19,35285237
2012-06-20,49763799
2012-06-21,38647905
2012-06-22,36457992
2012-06-25,33597982
2012-06-26,46820660
2012-06-27,32783829
2012-06-28,92723154
2012-06-29,87109692
2012-07-02,97922760
2012-07-03,17490320
2012-07-05,23899001
2012-07-06,28390554
2012-07-09,30717944
2012-07-10,28335631
2012-07-11,23271340
2012-07-12,105031030
2012-07-13,20953174
2012-07-16,23865719
2012-07-17,34849806
2012-07-18,35078474
2012-07-19,44914102
2012-07-20,32051239
2012-07-23,37529617
2012-07-24,42605946
2012-07-25,35848167
2012-07-26,34339867
2012-07-27,32736876
2012-07-30,23516473
2012-07-31,43544970
2012-08-01,38612031
2012-08-02,52022088
2012-08-03,118257770
2012-08-06,27209549
2012-08-07,60985904
2012-08-08,37243840
2012-08-09,34450712
2012-08-10,19507632
2012-08-13,35600454
2012-08-14,51036810
2012-08-15,36676024
2012-08-16,31551759
2012-08-17,151302083
2012-08-20,34886183
2012-08-21,31034719
2012-08-22,22292116
2012-08-23,346398260
2012-08-24,317665750
2012-08-27,153766441
2012-08-28,105766060
2012-08-29,85385087
2012-08-30,39282361
2012-08-31,45792793
2012-09-04,86948340
2012-09-05,86238213
2012-09-06,92951727
2012-09-07,62518482
2012-09-10,37199116
2012-09-11,196353147
2012-09-12,133327759
2012-09-13,52834867
2012-09-14,64560983
2012-09-17,33066041
2012-09-18,36585250
2012-09-19,29225657
2012-09-20,63764389
2012-09-21,57944963
2012-09-24,30119376
2012-09-25,45883994
2012-09-26,36584905
2012-09-27,44200791
2012-09-28,58876360
2012-10-01,55077315
2012-10-02,99993700
2012-10-03,55948276
2012-10-04,41658882
2012-10-05,42493788
2012-10-08,44282172
2012-10-09,45197396
2012-10-10,33740170
2012-10-11,39598386
2012-10-12,20311414
2012-10-15,22864640
2012-10-16,20250562
2012-10-17,36291186
2012-10-18,26554817
2012-10-19,31300707
2012-10-22,29503501
2012-10-23,29344418
2012-10-24,28772264
2012-10-25,32360715
2012-10-26,22659962
2012-10-31,32270035
2012-11-01,81448836
2012-11-02,29862012
2012-11-05,13861446
2012-11-06,31198653
2012-11-07,54332535
2012-11-08,35556412
2012-11-09,21652441
2012-11-12,23960996
2012-11-13,17122853
2012-11-14,30304535
2012-11-15,36903088
2012-11-16,23728704
2012-11-19,28475613
2012-11-20,40260638
2012-11-21,22976228
2012-11-23,3364709
2012-11-26,34526491
2012-11-27,33457334
2012-11-28,29450185
2012-11-29,24230437
2012-11-30,68032256
2012-12-03,20110638
2012-12-04,25522721
2012-12-05,63690478
2012-12-06,99950054
2012-12-07,90370373
2012-12-10,75460531
2012-12-11,58068170
2012-12-12,65966002
2012-12-13,142712389
2012-12-14,111522228
2012-12-17,54061023
2012-12-18,43916448
2012-12-19,43239006
2012-12-20,26273974
2012-12-21,30319250
2012-12-24,10129863
2012-12-26,23872292
2012-12-27,23174554
2012-12-28,19549942
2012-12-31,39578099
2013-01-02,67424772
2013-01-03,318573061
2013-01-04,93280833
2013-01-07,147776564
2013-01-08,146898593
2013-01-09,43187039
2013-01-10,56920844
2013-01-11,62858688
2013-01-14,57209793
2013-01-15,44596529
2013-01-16,38478832
2013-01-17,75649239
2013-01-18,27427693
2013-01-22,41461547
2013-01-23,24003967
2013-01-24,31628893
2013-01-25,35978599
2013-01-28,28486200
2013-01-29,57461394
2013-01-30,50107148
2013-01-31,73956556
2013-02-01,44437886
2013-02-04,39427630
2013-02-05,89560418
2013-02-06,44469272
2013-02-07,29990962
2013-02-08,32310044
2013-02-11,19904608
2013-02-12,63985723
2013-02-13,66870139
2013-02-14,29313580
2013-02-15,32728310
2013-02-19,35420121
2013-02-20,57532529
2013-02-21,36842643
2013-02-22,29454228
2013-02-25,31493242
2013-02-26,37322483
2013-02-27,32435320
2013-02-28,37949488
2013-03-01,70953346
2013-03-04,32597953
2013-03-05,47043602
2013-03-06,54290930
2013-03-07,75744647
2013-03-08,62466200
2013-03-11,25348662
2013-03-12,37791976
2013-03-13,50464868
2013-03-14,96557641
2013-03-15,54584900
2013-03-18,62452383
2013-03-19,41761038
2013-03-20,20493613
2013-03-21,83673713
2013-03-22,42630624
2013-03-25,85233918
2013-03-26,38181412
2013-03-27,35614874
2013-03-28,54302267
2013-04-01,28431379
2013-04-02,52353110
2013-04-03,38691516
2013-04-04,35388809
2013-04-05,40239996
2013-04-08,44282699
2013-04-09,57027515
2013-04-10,62892400
2013-04-11,79801060
2013-04-12,41475559
2013-04-15,44285158
2013-04-16,48277281
2013-04-17,42455372
2013-04-18,30428348
2013-04-19,28691710
2013-04-22,32018557
2013-04-23,61713771
2013-04-24,36752219
2013-04-25,32107261
2013-04-26,27707570
2013-04-29,22452754
2013-04-30,61537113
2013-05-01,35434469
2013-05-02,19189003
2013-05-03,34580925
2013-05-06,21288598
2013-05-07,116720817
2013-05-08,47503757
2013-05-09,36547521
2013-05-10,15840239
2013-05-13,25366609
2013-05-14,20530050
2013-05-15,22280476
2013-05-16,44710458
2013-05-17,26041288
2013-05-20,74537415
2013-05-21,44333305
2013-05-22,93123351
2013-05-23,54366125
2013-05-24,37493259
2013-05-28,58525188
2013-05-29,68096897
2013-05-30,76980552
2013-05-31,33111440
2013-06-03,57380089
2013-06-04,49479419
2013-06-05,28442897
2013-06-06,36711732
2013-06-07,49096982
2013-06-10,37448228
2013-06-11,47470429
2013-06-12,25652918
2013-06-13,28613334
2013-06-14,25081035
2013-06-17,23973428
2013-06-18,21011698
2013-06-19,39456731
2013-06-20,39842217
2013-06-21,31857514
2013-06-24,42551131
2013-06-25,28149855
2013-06-26,32557060
2013-06-27,17737715
2013-06-28,19086525
2013-07-01,30015376
2013-07-02,28070123
2013-07-03,19072497
2013-07-05,31445544
2013-07-08,34101854
2013-07-09,28318639
2013-07-10,30198019
2013-07-11,20608266
2013-07-12,29677002
2013-07-15,32906138
2013-07-16,19218087
2013-07-17,28736811
2013-07-18,22068907
2013-07-19,13367947
2013-07-22,33608748
2013-07-23,21394696
2013-07-24,58861268
2013-07-25,54391399
2013-07-26,52080478
2013-07-29,31596486
2013-07-30,46175279
2013-07-31,62648472
2013-08-01,44395761
2013-08-02,33484401
2013-08-05,12138271
2013-08-06,16137135
2013-08-07,13654887
2013-08-08,31330508
2013-08-09,20273332
2013-08-12,44792608
2013-08-13,43909222
2013-08-14,41249316
2013-08-15,37486620
2013-08-16,48991678
2013-08-19,38618783
2013-08-20,35237192
2013-08-21,21804686
2013-08-22,36321374
2013-08-23,41269084
2013-08-26,20160704
2013-08-27,37443090
2013-08-28,35475188
2013-08-29,35595281
2013-08-30,42890787
2013-09-03,36761452
2013-09-04,39019957
2013-09-05,33440700
2013-09-06,34027620
2013-09-09,34567329
2013-09-10,60173128
2013-09-11,47165867
2013-09-12,37704512
2013-09-13,49598232
2013-09-16,28943568
2013-09-17,39466313
2013-09-18,47119721
2013-09-19,53137590
2013-09-20,36765249
2013-09-23,33954190
2013-09-24,34455843
2013-09-25,30168862
2013-09-26,30681881
2013-09-27,32276581
2013-09-30,47002885
2013-10-01,75773976
2013-10-02,46445219
2013-10-03,38718673
2013-10-04,42630554
2013-10-07,27178602
2013-10-08,31424729
2013-10-09,41491449
2013-10-10,39751281
2013-10-11,28039007
2013-10-14,15707554
2013-10-15,20354334
2013-10-16,30158140
2013-10-17,21937471
2013-10-18,19166531
2013-10-21,32035375
2013-10-22,30695287
2013-10-23,27544080
2013-10-24,28308100
2013-10-25,32649088
2013-10-28,28182224
2013-10-29,62134512
2013-10-30,46653276
2013-10-31,42050551
2013-11-01,53606930
2013-11-04,47416411
2013-11-05,72686779
2013-11-06,61736693
2013-11-07,53736896
2013-11-08,67239543
2013-11-11,36903364
2013-11-12,75163517
2013-11-13,26858056
2013-11-14,24417169
2013-11-15,27036564
2013-11-18,40147406
2013-11-19,30358531
2013-11-20,29789313
2013-11-21,29331946
2013-11-22,21979997
2013-11-25,25531248
2013-11-26,50530521
2013-11-27,24554200
2013-11-29,10700727
2013-12-02,49894979
2013-12-03,30243911
2013-12-04,107924626
2013-12-05,316440837
2013-12-06,154910074
2013-12-09,306648408
2013-12-10,176722630
2013-12-11,114077028
2013-12-12,94241349
2013-12-13,96107155
2013-12-16,76431455
2013-12-17,73624023
2013-12-18,68531915
2013-12-19,70956341
2013-12-20,59185491
2013-12-23,44668982
2013-12-24,14666239
2013-12-26,44902936
2013-12-27,42755886
2013-12-30,37198540
2013-12-31,69410669
2014-01-02,67830909
2014-01-03,28314368
2014-01-06,45828859
2014-01-07,53079873
2014-01-08,67537717
2014-01-09,63448245
2014-01-10,37602592
2014-01-13,31376672
2014-01-14,110857228
2014-01-15,49234367
2014-01-16,63862102
2014-01-17,41583634
2014-01-21,64580895
2014-01-22,36890929
2014-01-23,48589479
2014-01-24,67921772
2014-01-27,67375847
2014-01-28,49206017
2014-01-29,26161660
2014-01-30,33502821
2014-01-31,43725952
2014-02-03,55678461
2014-02-04,88292030
2014-02-05,74636342
2014-02-06,41829817
2014-02-07,47887814
2014-02-10,38978510
2014-02-11,92460281
2014-02-12,59589951
2014-02-13,81246124
2014-02-14,41622022
2014-02-18,74947181
2014-02-19,69433208
2014-02-20,39445424
2014-02-21,37413371
2014-02-24,71125510
2014-02-25,46246582
2014-02-26,63018933
2014-02-27,60300963
2014-02-28,84612099
2014-03-03,65909729
2014-03-04,61727937
2014-03-05,44201168
2014-03-06,55340004
2014-03-07,43374614
2014-03-10,31629839
2014-03-11,45105273
2014-03-12,49462832
2014-03-13,63430361
2014-03-14,81939686
2014-03-17,85586813
2014-03-18,46130642
2014-03-19,48410472
2014-03-20,56487395
2014-03-21,64052027
2014-03-24,50134173
2014-03-25,37170877
2014-03-26,46072039
2014-03-27,26024506
2014-03-28,32337424
2014-03-31,44990043
2014-04-01,90223157
2014-04-02,38228962
2014-04-03,62029417
2014-04-04,53462723
2014-04-07,53806585
2014-04-08,58943497
2014-04-09,43896201
2014-04-10,68665268
2014-04-11,56630734
2014-04-14,48649640
2014-04-15,66705616
2014-04-16,34295002
2014-04-17,44910734
2014-04-21,50981652
2014-04-22,53206584
2014-04-23,41991400
2014-04-24,26929294
2014-04-25,35725178
2014-04-28,28934824
2014-04-29,45290662
2014-04-30,34390928
2014-05-01,40473702
2014-05-02,37339608
2014-05-05,20795835
2014-05-06,24362353
2014-05-07,41775953
2014-05-08,36394390
2014-05-09,31383748
2014-05-12,36633737
2014-05-13,30967815
2014-05-14,39829200
2014-05-15,35953422
2014-05-16,34955924
2014-05-19,23458993
2014-05-20,24113461
2014-05-21,20056044
2014-05-22,29718873
2014-05-23,23033973
2014-05-27,25511168
2014-05-28,25196573
2014-05-29,21765948
2014-05-30,30486054
2014-06-02,48134211
2014-06-03,28563344
2014-06-04,29332751
2014-06-05,37969125
2014-06-06,30837589
2014-06-09,34822526
2014-06-10,29788123
2014-06-11,45599276
2014-06-12,34541096
2014-06-13,27980387
2014-06-16,35407337
2014-06-17,38524759
2014-06-18,34308750
2014-06-19,32591063
2014-06-20,35616211
2014-06-23,25994118
2014-06-24,16350832
2014-06-25,21890602
2014-06-26,30840981
2014-06-27,31585669
2014-06-30,21532700
2014-07-01,26435611
2014-07-02,31338324
2014-07-03,19093509
2014-07-07,28171462
2014-07-08,35705260
2014-07-09,28185430
2014-07-10,27344504
2014-07-11,25360645
2014-07-14,21098863
2014-07-15,27468166
2014-07-16,23871811
2014-07-17,19400088
2014-07-18,28199574
2014-07-21,14945849
2014-07-22,25901155
2014-07-23,64947926
2014-07-24,19687298
2014-07-25,21347722
2014-07-28,34277958
2014-07-29,46306601
2014-07-30,33043984
2014-07-31,27562547
2014-08-01,26396885
2014-08-04,19659276
2014-08-05,19956955
2014-08-06,31493272
2014-08-07,20139558
2014-08-08,29528875
2014-08-11,33941690
2014-08-12,21367227
2014-08-13,18097548
2014-08-14,26371959
2014-08-15,44263308
2014-08-18,18990919
2014-08-19,17245693
2014-08-20,29970704
2014-08-21,28212300
2014-08-22,21350353
2014-08-25,14016381
2014-08-26,17711664
2014-08-27,13285106
2014-08-28,18758240
2014-08-29,28377926
2014-09-02,33916836
2014-09-03,21124071
2014-09-04,17144897
2014-09-05,24357936
2014-09-08,43739528
2014-09-09,31368211
2014-09-10,27295249
2014-09-11,30192939
2014-09-12,62241617
2014-09-15,44743517
2014-09-16,48692307
2014-09-17,46570872
2014-09-18,38918371
2014-09-19,63112730
2014-09-22,44620660
2014-09-23,37394246
2014-09-24,43678926
2014-09-25,35210307
2014-09-26,41399808
2014-09-29,31775534
2014-09-30,39637091
2014-10-01,42545315
2014-10-02,46631147
2014-10-03,34303194
2014-10-06,29047791
2014-10-07,27333855
2014-10-08,33767562
2014-10-09,50870954
2014-10-10,38382813
2014-10-13,39067001
2014-10-14,52954759
2014-10-15,48204509
2014-10-16,40988644
2014-10-17,33840306
2014-10-20,27942842
2014-10-21,21982676
2014-10-22,29731034
2014-10-23,47069004
2014-10-24,24985056
2014-10-27,27576006
2014-10-28,31540924
2014-10-29,24471376
2014-10-30,35416242
2014-10-31,42224623
2014-11-03,39208110
2014-11-04,37528401
2014-11-05,31454874
2014-11-06,55740998
2014-11-07,83910414
2014-11-10,29396946
2014-11-11,28798678
2014-11-12,26863014
2014-11-13,26222615
2014-11-14,32848521
2014-11-17,25419400
2014-11-18,28521887
2014-11-19,48861105
2014-11-20,77673412
2014-11-21,66414050
2014-11-24,25127244
2014-11-25,44574353
2014-11-26,23778777
2014-11-28,11286983
2014-12-01,28606588
2014-12-02,59719945
2014-12-03,33753093
2014-12-04,29851259
2014-12-05,44160109
2014-12-08,54110494
2014-12-09,30997622
2014-12-10,41472146
2014-12-11,53225400
2014-12-12,61134170
2014-12-15,40550704
2014-12-16,44761912
2014-12-17,58254377
2014-12-18,35246871
2014-12-19,50880746
2014-12-22,25379980
2014-12-23,30804497
2014-12-24,9232543
2014-12-26,10180857
2014-12-29,16584519
2014-12-30,17961665
2014-12-31,21262548
2015-01-02,32244756
2015-01-05,30027679
2015-01-06,44128020
2015-01-07,34425511
2015-01-08,43876094
2015-01-09,29110524
2015-01-12,27369749
2015-01-13,41817589
2015-01-14,60876022
2015-01-15,53699893
2015-01-16,53178484
2015-01-20,57521773
2015-01-21,37578291
2015-01-22,46616057
2015-01-23,23868587
2015-01-26,29637070
2015-01-27,26421925
2015-01-28,36403904
2015-01-29,54066133
2015-01-30,61515649
2015-02-02,95950776
2015-02-03,128308168
2015-02-04,48259247
2015-02-05,49728537
2015-02-06,52351824
2015-02-09,54551964
2015-02-10,67844850
2015-02-11,38468226
2015-02-12,66259250
2015-02-13,41033920
2015-02-17,54234167
2015-02-18,61236528
2015-02-19,46439653
2015-02-20,49382484
2015-02-23,35846782
2015-02-24,54247834
2015-02-25,42793792
2015-02-26,50856203
2015-02-27,54108863
2015-03-02,50095129
2015-03-03,50910083
2015-03-04,70897405
2015-03-05,61741460
2015-03-06,61799209
2015-03-09,86740920
2015-03-10,56134908
2015-03-11,47798079
2015-03-12,82595462
2015-03-13,58799725
2015-03-16,42526848
2015-03-17,49303904
2015-03-18,42663821
2015-03-19,45763206
2015-03-20,78097455
2015-03-23,46157599
2015-03-24,40228767
2015-03-25,70115936
2015-03-26,59182417
2015-03-27,80041164
2015-03-30,72675520
2015-03-31,55669583
2015-04-01,85875538
2015-04-02,58324646
2015-04-06,39426383
2015-04-07,30558349
2015-04-08,38564801
2015-04-09,44985395
2015-04-10,47279502
2015-04-13,47414223
2015-04-14,32189490
2015-04-15,23988620
2015-04-16,28046189
2015-04-17,34182960
2015-04-20,33359417
2015-04-21,35901432
2015-04-22,29490026
2015-04-23,35808777
2015-04-24,37096094
2015-04-27,27050269
2015-04-28,52043616
2015-04-29,43059321
2015-04-30,58064584
2015-05-01,49145184
2015-05-04,43603910
2015-05-05,85833641
2015-05-06,39426480
2015-05-07,71120761
2015-05-08,42826665
2015-05-11,34973391
2015-05-12,37750490
2015-05-13,45672998
2015-05-14,70220840
2015-05-15,62754676
2015-05-18,83203217
2015-05-19,38100912
2015-05-20,31705867
2015-05-21,56976226
2015-05-22,28798453
2015-05-26,36004095
2015-05-27,37672193
2015-05-28,40768797
2015-05-29,34770852
2015-06-01,38029263
2015-06-02,39443925
2015-06-03,46980330
2015-06-04,26114115
2015-06-05,48889283
2015-06-08,32213231
2015-06-09,33405877
2015-06-10,37127872
2015-06-11,43683149
2015-06-12,38631570
2015-06-15,30640618
2015-06-16,33603458
2015-06-17,42925501
2015-06-18,52608908
2015-06-19,72003054
2015-06-22,36872164
2015-06-23,34968250
2015-06-24,24898601
2015-06-25,25929646
2015-06-26,31382335
2015-06-29,35112586
2015-06-30,43240768
2015-07-01,47302513
2015-07-02,43876566
2015-07-06,50308348
2015-07-07,70422493
2015-07-08,40244946
2015-07-09,36785781
2015-07-10,40411280
2015-07-13,37515879
2015-07-14,31078921
2015-07-15,34851110
2015-07-16,47466370
2015-07-17,26812553
2015-07-20,25662174
2015-07-21,32086899
2015-07-22,35539497
2015-07-23,32851943
2015-07-24,44655377
2015-07-27,34795362
2015-07-28,45025265
2015-07-29,46965119
2015-07-30,38642346
2015-07-31,47592365
2015-08-03,52754760
2015-08-04,42800602
2015-08-05,39450598
2015-08-06,37541772
2015-08-07,36788038
2015-08-10,29256020
2015-08-11,54764836
2015-08-12,51221634
2015-08-13,27391211
2015-08-14,23959282
2015-08-17,19667704
2015-08-18,23449711
2015-08-19,26555109
2015-08-20,39280937
2015-08-21,60705338
2015-08-24,89213220
2015-08-25,42240426
2015-08-26,79436779
2015-08-27,66020427
2015-08-28,37481928
2015-08-31,41854287
2015-09-01,70244956
2015-09-02,45480456
2015-09-03,34216275
2015-09-04,54880689
2015-09-08,52046182
2015-09-09,46496080
2015-09-10,42505333
2015-09-11,59541568
2015-09-14,31318141
2015-09-15,33195624
2015-09-16,33228508
2015-09-17,36865423
2015-09-18,63437358
2015-09-21,52721634
2015-09-22,31127797
2015-09-23,30933818
2015-09-24,32718103
2015-09-25,42444751
2015-09-28,42663516
2015-09-29,68339720
2015-09-30,43296348
2015-10-01,61782887
2015-10-02,50277147
2015-10-05,40323568
2015-10-06,81818988
2015-10-07,47959078
2015-10-08,39889344
2015-10-09,28211098
2015-10-12,50199560
2015-10-13,50576603
2015-10-14,33115875
2015-10-15,28308217
2015-10-16,34902652
2015-10-19,28953765
2015-10-20,39393040
2015-10-21,43824885
2015-10-22,60216948
2015-10-23,35391558
2015-10-26,44283459
2015-10-27,56578748
2015-10-28,36014244
2015-10-29,41924240
2015-10-30,44168885
2015-11-02,56072326
2015-11-03,141134167
2015-11-04,43668610
2015-11-05,40616184
2015-11-06,73326947
2015-11-09,70546226
2015-11-10,52345058
2015-11-11,28056384
2015-11-12,37376376
2015-11-13,106727539
2015-11-16,100468359
2015-11-17,47129020
2015-11-18,33832510
2015-11-19,51890022
2015-11-20,51326446
2015-11-23,36283555
2015-11-24,49807744
2015-11-25,56881422
2015-11-27,14554211
2015-11-30,69913802
2015-12-01,79704966
2015-12-02,53028395
2015-12-03,91225310
2015-12-04,123223368
2015-12-07,28420352
2015-12-08,45754176
2015-12-09,49714932
2015-12-10,49290051
2015-12-11,46241682
2015-12-14,59191493
2015-12-15,50603929
2015-12-16,42378740
2015-12-17,42214808
2015-12-18,59386074
2015-12-21,41296433
2015-12-22,72092240
2015-12-23,56927032
2015-12-24,10269765
2015-12-28,35190748
2015-12-29,20111031
2015-12-30,26871910
2015-12-31,23269148
2016-01-04,49852629
2016-01-05,40100935
2016-01-06,77856565
2016-01-07,61961473
2016-01-08,48872915
2016-01-11,58606678
2016-01-12,39594781
2016-01-13,113071058
2016-01-14,78370935
2016-01-15,240505742
2016-01-19,151887641
2016-01-20,71717684
2016-01-21,98312053
2016-01-22,65219569
2016-01-25,76481061
2016-01-26,60325742
2016-01-27,70997155
2016-01-28,74191314
2016-01-29,106576104
2016-02-01,99722797
2016-02-02,96577608
2016-02-03,76639325
2016-02-04,52739547
2016-02-05,80302235
2016-02-08,80974359
2016-02-09,83386796
2016-02-10,60475181
2016-02-11,65710884
2016-02-12,51258539
2016-02-16,58296008
2016-02-17,48938363
2016-02-18,34643973
2016-02-19,38022777
2016-02-22,33161807
2016-02-23,38876425
2016-02-24,32653850
2016-02-25,30747561
2016-02-26,65955964
2016-02-29,50515662
2016-03-01,53557855
2016-03-02,35417692
2016-03-03,52733395
2016-03-04,29263309
2016-03-07,34200160
2016-03-08,31292257
2016-03-09,26006301
2016-03-10,44435023
2016-03-11,23449492
2016-03-14,30567753
2016-03-15,26655134
2016-03-16,25425277
2016-03-17,48789975
2016-03-18,60637868
2016-03-21,37940831
2016-03-22,44945009
2016-03-23,29196683
2016-03-24,24279904
2016-03-28,45296740
2016-03-29,62516487
2016-03-30,44048687
2016-03-31,68580024
2016-04-01,37939712
2016-04-04,55164262
2016-04-05,29161910
2016-04-06,26177936
2016-04-07,39570291
2016-04-08,33920483
2016-04-11,23537063
2016-04-12,35099910
2016-04-13,28434226
2016-04-14,24052718
2016-04-15,22912731
2016-04-18,29086259
2016-04-19,32281901
2016-04-20,26304373
2016-04-21,36633232
2016-04-22,26885422
2016-04-25,22080403
2016-04-26,32715444
2016-04-27,23440609
2016-04-28,15170744
2016-04-29,32543069
2016-05-02,29241674
2016-05-03,52099573
2016-05-04,22717454
2016-05-05,23233162
2016-05-06,23301110
2016-05-09,20325078
2016-05-10,30460054
2016-05-11,103954008
2016-05-12,95467529
2016-05-13,103060904
2016-05-16,51212790
2016-05-17,37609598
2016-05-18,70439115
2016-05-19,46871496
2016-05-20,65782058
2016-05-23,41222107
2016-05-24,53039526
2016-05-25,40117383
2016-05-26,27426297
2016-05-27,34333429
2016-05-31,41817067
2016-06-01,37785419
2016-06-02,40866598
2016-06-03,61121345
2016-06-06,47071849
2016-06-07,46494608
2016-06-08,72565984
2016-06-09,36485266
2016-06-10,24840395
2016-06-13,42371668
2016-06-14,46455580
2016-06-15,41534594
2016-06-16,44404685
2016-06-17,45617695
2016-06-20,35628212
2016-06-21,33011442
2016-06-22,31794217
2016-06-23,36390305
2016-06-24,73910083
2016-06-27,57644110
2016-06-28,49802166
2016-06-29,42986530
2016-06-30,45829318
2016-07-01,42256180
2016-07-05,24337194
2016-07-06,49721499
2016-07-07,43762971
2016-07-08,44130598
2016-07-11,30911016
2016-07-12,44803899
2016-07-13,26727766
2016-07-14,32143483
2016-07-15,36853142
2016-07-18,20610998
2016-07-19,23845423
2016-07-20,26299018
2016-07-21,22130489
2016-07-22,27103418
2016-07-25,41334552
2016-07-26,32580680
2016-07-27,47341162
2016-07-28,27008314
2016-07-29,28337891
2016-08-01,32275419
2016-08-02,70679324
2016-08-03,30526466
2016-08-04,38594773
2016-08-05,19748921
2016-08-08,20263248
2016-08-09,37972561
2016-08-10,40097113
2016-08-11,110730970
2016-08-12,88500791
2016-08-15,46164011
2016-08-16,39777580
2016-08-17,40671086
2016-08-18,24854056
2016-08-19,36969156
2016-08-22,55358183
2016-08-23,26037576
2016-08-24,31895446
2016-08-25,64529246
2016-08-26,40949410
2016-08-29,28833928
2016-08-30,27523523
2016-08-31,33668113
2016-09-01,40405228
2016-09-02,27129637
2016-09-06,34575222
2016-09-07,36568220
2016-09-08,21130918
2016-09-09,48299372
2016-09-12,49575973
2016-09-13,38796427
2016-09-14,45494458
2016-09-15,38937450
2016-09-16,45700303
2016-09-19,22973956
2016-09-20,34332793
2016-09-21,38669362
2016-09-22,45373421
2016-09-23,43438273
2016-09-26,25177009
2016-09-27,24989639
2016-09-28,49804769
2016-09-29,59363723
2016-09-30,41506986
2016-10-03,48475112
2016-10-04,57845887
2016-10-05,49226305
2016-10-06,87495018
2016-10-07,40127936
2016-10-10,39844923
2016-10-11,48230778
2016-10-12,39476184
2016-10-13,31250387
2016-10-14,54688862
2016-10-17,31946249
2016-10-18,28228105
2016-10-19,33276131
2016-10-20,24850949
2016-10-21,38443798
2016-10-24,26492375
2016-10-25,37433407
2016-10-26,88378103
2016-10-27,100201846
2016-10-28,52289746
2016-10-31,77128472
2016-11-01,85215909
2016-11-02,54583109
2016-11-03,48303372
2016-11-04,38016164
2016-11-07,38703828
2016-11-08,31435553
2016-11-09,64127650
2016-11-10,109337336
2016-11-11,61437137
2016-11-14,56276772
2016-11-15,98772619
2016-11-16,38551561
2016-11-17,45660191
2016-11-18,40373711
2016-11-21,36234368
2016-11-22,36533736
2016-11-23,34543521
2016-11-25,13847413
2016-11-28,45424012
2016-11-29,51254608
2016-11-30,51719608
2016-12-01,60357956
2016-12-02,36174124
2016-12-05,34457033
2016-12-06,36984472
2016-12-07,29721830
2016-12-08,42188861
2016-12-09,26434402
2016-12-12,36288531
2016-12-13,34745462
2016-12-14,36026186
2016-12-15,36316913
2016-12-16,75869047
2016-12-19,42211453
2016-12-20,37598883
2016-12-21,35375089
2016-12-22,57094073
2016-12-23,41196792
2016-12-27,36951403
2016-12-28,41856763
2016-12-29,31500043
2016-12-30,50786941
2017-01-03,61273869
2017-01-04,47739737
2017-01-05,93487264
2017-01-06,51421319
2017-01-09,48520171
2017-01-10,28007325
2017-01-11,26191995
2017-01-12,28083677
2017-01-13,29350016
2017-01-17,46769122
2017-01-18,31548862
2017-01-19,38508570
2017-01-20,54672759
2017-01-23,97461939
2017-01-24,86017472
2017-01-25,45066946
2017-01-26,31106174
2017-01-27,34983679
2017-01-30,56995583
2017-01-31,106638093
2017-02-01,64372428
2017-02-02,50681519
2017-02-03,51613138
2017-02-06,41852393
2017-02-07,38519455
2017-02-08,43113185
2017-02-09,30302124
2017-02-10,21821894
2017-02-13,22007942
2017-02-14,32594561
2017-02-15,48976718
2017-02-16,36301469
2017-02-17,35561522
2017-02-21,28521523
2017-02-22,27069091
2017-02-23,20964401
2017-02-24,92658555
2017-02-27,61793967
2017-02-28,32283386
2017-03-01,60217696
2017-03-02,31939299
2017-03-03,57484789
2017-03-06,30658053
2017-03-07,44391914
2017-03-08,84676091
2017-03-09,88967160
2017-03-10,73256371
2017-03-13,63611625
2017-03-14,96133107
2017-03-15,38865846
2017-03-16,48992330
2017-03-17,74732463
2017-03-20,55947708
2017-03-21,69097341
2017-03-22,121114059
2017-03-23,58833472
2017-03-24,37583358
2017-03-27,52994845
2017-03-28,179659951
2017-03-29,86561562
2017-03-30,97913534
2017-03-31,48092580
2017-04-03,67881660
2017-04-04,75044792
2017-04-05,47193181
2017-04-06,70160791
2017-04-07,82979388
2017-04-10,79413962
2017-04-11,51635570
2017-04-12,41900584
2017-04-13,37073127
2017-04-17,68164222
2017-04-18,41565315
2017-04-19,40466264
2017-04-20,51661896
2017-04-21,47025171
2017-04-24,117879035
2017-04-25,67338919
2017-04-26,71487778
2017-04-27,73241001
2017-04-28,85111161
2017-05-01,248475182
2017-05-02,178614526
2017-05-03,88661746
2017-05-04,115783874
2017-05-05,71685032
2017-05-08,83503610
2017-05-09,106166197
2017-05-10,74355716
2017-05-11,111531992
2017-05-12,87463672
2017-05-15,98403852
2017-05-16,114877373
2017-05-17,79389016
2017-05-18,105826140
2017-05-19,124031261
2017-05-22,67918579
2017-05-23,52711601
2017-05-24,92826825
2017-05-25,84791273
2017-05-26,99133727
2017-05-30,83717506
2017-05-31,63844649
2017-06-01,60720253
2017-06-02,93425789
2017-06-05,60844122
2017-06-06,56671274
2017-06-07,116291078
2017-06-08,62473492
2017-06-09,51439128
2017-06-12,95102920
2017-06-13,69494940
2017-06-14,71819216
2017-06-15,60278250
2017-06-16,73640730
2017-06-19,38705253
2017-06-20,63345794
2017-06-21,84203005
2017-06-22,94216243
2017-06-23,55737600
2017-06-26,58331806
2017-06-27,52867235
2017-06-28,30698790
2017-06-29,52468338
2017-06-30,45288701
2017-07-03,15373297
2017-07-05,75897169
2017-07-06,50473731
2017-07-07,37448376
2017-07-10,30747298
2017-07-11,64799340
2017-07-12,50617680
2017-07-13,41219055
2017-07-14,38302552
2017-07-17,43260449
2017-07-18,46269182
2017-07-19,24698777
2017-07-20,33594635
2017-07-21,48051493
2017-07-24,38671160
2017-07-25,78208389
2017-07-26,54717917
2017-07-27,54917811
2017-07-28,79365901
2017-07-31,56594585
2017-08-01,82716939
2017-08-02,338327408
2017-08-03,146355020
2017-08-04,119292687
2017-08-07,53467540
2017-08-08,58070094
2017-08-09,46529569
2017-08-10,52600825
2017-08-11,63671721
2017-08-14,43209618
2017-08-15,70083526
2017-08-16,76128561
2017-08-17,53389996
2017-08-18,114557599
2017-08-21,47562668
2017-08-22,29243122
2017-08-23,37480817
2017-08-24,57011823
2017-08-25,39287620
2017-08-28,38546013
2017-08-29,45054362
2017-08-30,38101632
2017-08-31,36664330
2017-09-01,65134192
2017-09-05,61544173
2017-09-06,45131982
2017-09-07,51951653
2017-09-08,35185661
2017-09-11,51516667
2017-09-12,47118795
2017-09-13,63992018
2017-09-14,56556313
2017-09-15,82717645
2017-09-18,46943152
2017-09-19,82756019
2017-09-20,55847856
2017-09-21,49644640
2017-09-22,58230932
2017-09-25,75195241
2017-09-26,107911960
2017-09-27,70857061
2017-09-28,94660180
2017-09-29,71092048
2017-10-02,44343309
2017-10-03,32606751
2017-10-04,104305273
2017-10-05,58168656
2017-10-06,38778526
2017-10-09,27793064
2017-10-10,39199713
2017-10-11,39960936
2017-10-12,84383810
2017-10-13,37631434
2017-10-16,26177382
2017-10-17,24533328
2017-10-18,28973708
2017-10-19,41372642
2017-10-20,40032852
2017-10-23,29518667
2017-10-24,48030525
2017-10-25,86904450
2017-10-26,73155643
2017-10-27,141523320
2017-10-30,84794058
2017-10-31,164068150
2017-11-01,91294674
2017-11-02,77313034
2017-11-03,172749808
2017-11-06,105531262
2017-11-07,534021355
2017-11-08,334986730
2017-11-09,130327768
2017-11-10,79712987
2017-11-13,527149850
2017-11-14,175521676
2017-11-15,300874866
2017-11-16,81278476
2017-11-17,90723593
2017-11-20,191632832
2017-11-21,143266159
2017-11-22,149255258
2017-11-24,29741191
2017-11-27,110471115
2017-11-28,69805030
2017-11-29,62108051
2017-11-30,63797326
2017-12-01,68844227
2017-12-04,65472483
2017-12-05,46207236
2017-12-06,66677703
2017-12-07,68723359
2017-12-08,55311661
2017-12-11,124717045
2017-12-12,173718732
2017-12-13,81775380
2017-12-14,50147400
2017-12-15,75482187
2017-12-18,64405583
2017-12-19,54438674
2017-12-20,53867681
2017-12-21,33956729
2017-12-22,39049655
2017-12-26,44743326
2017-12-27,56484632
2017-12-28,29893861
2017-12-29,47157073
2018-01-02,41348671
2018-01-03,24851511
2018-01-04,41993555
2018-01-05,42696762
2018-01-08,48971285
2018-01-09,48133827
2018-01-10,59758362
2018-01-11,40435166
2018-01-12,35614420
2018-01-16,37246497
2018-01-17,55746844
2018-01-18,64169384
2018-01-19,44908612
2018-01-22,37416042
2018-01-23,40345127
2018-01-24,60175593
2018-01-25,37889873
2018-01-26,38200821
2018-01-29,36201698
2018-01-30,31775697
2018-01-31,84379555
2018-02-01,38038789
2018-02-02,58227665
2018-02-05,53810874
