dt,low
2010-01-04,25.65
2010-01-05,25.5
2010-01-06,25.75
2010-01-07,25.81
2010-01-08,25.77
2010-01-11,25.72
2010-01-12,26.02
2010-01-13,26.12
2010-01-14,26.265
2010-01-15,25.84
2010-01-19,25.93
2010-01-20,26.06
2010-01-21,25.83
2010-01-22,25.45
2010-01-25,25.32
2010-01-26,25.35
2010-01-27,25.1
2010-01-28,25.3
2010-01-29,25.28
2010-02-01,25.07
2010-02-02,25.35
2010-02-03,25.73
2010-02-04,25.2
2010-02-05,24.7475
2010-02-08,24.76
2010-02-09,24.86
2010-02-10,24.68
2010-02-11,24.77
2010-02-12,24.9
2010-02-16,25.31
2010-02-17,25.78
2010-02-18,25.83
2010-02-19,26.09
2010-02-22,26.62
2010-02-23,26.28
2010-02-24,26.01
2010-02-25,25.15
2010-02-26,25.39
2010-03-01,25.72
2010-03-02,26.17
2010-03-03,26.13
2010-03-04,26.08
2010-03-05,26.28
2010-03-08,26.54
2010-03-09,26.37
2010-03-10,26.34
2010-03-11,26.36
2010-03-12,26.66
2010-03-15,26.74
2010-03-16,26.81
2010-03-17,27.02
2010-03-18,27.06
2010-03-19,27.05
2010-03-22,26.935
2010-03-23,26.97
2010-03-24,26.94
2010-03-25,27.01
2010-03-26,26.89
2010-03-29,27.11
2010-03-30,27.56
2010-03-31,27.53
2010-04-01,27.75
2010-04-05,27.94
2010-04-06,27.93
2010-04-07,27.76
2010-04-08,27.42
2010-04-09,27.45
2010-04-12,27.66
2010-04-13,27.4201
2010-04-14,27.59
2010-04-15,27.65
2010-04-16,27.36
2010-04-19,27.1301
2010-04-20,27.48
2010-04-21,27.44
2010-04-22,27.45
2010-04-23,27.65
2010-04-26,27.56
2010-04-27,27.0
2010-04-28,26.95
2010-04-29,27.255
2010-04-30,27.59
2010-05-03,27.6
2010-05-04,27.23
2010-05-05,26.92
2010-05-06,25.0
2010-05-07,25.17
2010-05-10,25.99
2010-05-11,26.03
2010-05-12,26.35
2010-05-13,26.6
2010-05-14,26.33
2010-05-17,26.26
2010-05-18,26.45
2010-05-19,26.23
2010-05-20,25.98
2010-05-21,25.55
2010-05-24,25.69
2010-05-25,24.83
2010-05-26,25.61
2010-05-27,25.6401
2010-05-28,25.77
2010-06-01,25.28
2010-06-02,25.25
2010-06-03,25.97
2010-06-04,25.29
2010-06-07,25.27
2010-06-08,25.11
2010-06-09,25.18
2010-06-10,25.63
2010-06-11,25.74
2010-06-14,25.93
2010-06-15,26.15
2010-06-16,26.32
2010-06-17,26.53
2010-06-18,26.84
2010-06-21,26.51
2010-06-22,26.02
2010-06-23,25.55
2010-06-24,25.52
2010-06-25,25.45
2010-06-28,25.6101
2010-06-29,25.29
2010-06-30,25.38
2010-07-01,25.24
2010-07-02,25.44
2010-07-06,25.71
2010-07-07,25.9
2010-07-08,26.74
2010-07-09,26.64
2010-07-12,26.73
2010-07-13,27.22
2010-07-14,26.98
2010-07-15,27.12
2010-07-16,26.91
2010-07-19,26.97
2010-07-20,26.96
2010-07-21,27.1401
2010-07-22,27.51
2010-07-23,27.43
2010-07-26,27.93
2010-07-27,28.22
2010-07-28,28.29
2010-07-29,27.94
2010-07-30,27.73
2010-08-02,28.17
2010-08-03,28.23
2010-08-04,28.35
2010-08-05,28.57
2010-08-06,28.68
2010-08-09,28.94
2010-08-10,28.75
2010-08-11,28.68
2010-08-12,28.31
2010-08-13,28.46
2010-08-16,28.408
2010-08-17,28.77
2010-08-18,28.85
2010-08-19,28.29
2010-08-20,28.33
2010-08-23,28.58
2010-08-24,28.29
2010-08-25,28.53
2010-08-26,28.43
2010-08-27,28.47
2010-08-30,28.53
2010-08-31,28.3
2010-09-01,29.2
2010-09-02,29.2
2010-09-03,29.26
2010-09-07,29.21
2010-09-08,29.04
2010-09-09,29.31
2010-09-10,28.96
2010-09-13,29.42
2010-09-14,29.59
2010-09-15,29.53
2010-09-16,29.15
2010-09-17,29.0
2010-09-20,29.13
2010-09-21,29.17
2010-09-22,29.17
2010-09-23,28.93
2010-09-24,29.26
2010-09-27,29.4
2010-09-28,29.5
2010-09-29,29.53
2010-09-30,29.55
2010-10-01,29.51
2010-10-04,29.69
2010-10-05,29.78
2010-10-06,30.09
2010-10-07,30.13
2010-10-08,30.07
2010-10-11,30.26
2010-10-12,30.12
2010-10-13,30.295
2010-10-14,30.29
2010-10-15,30.3554
2010-10-18,30.21
2010-10-19,30.11
2010-10-20,30.74
2010-10-21,30.49
2010-10-22,30.5
2010-10-25,30.98
2010-10-26,30.88
2010-10-27,30.64
2010-10-28,31.03
2010-10-29,31.0
2010-11-01,31.1
2010-11-02,31.59
2010-11-03,31.33
2010-11-04,31.79
2010-11-05,31.6
2010-11-08,31.32
2010-11-09,31.1
2010-11-10,30.97
2010-11-11,31.14
2010-11-12,31.07
2010-11-15,31.42
2010-11-16,31.0
2010-11-17,31.055
2010-11-18,31.34
2010-11-19,31.25
2010-11-22,31.11
2010-11-23,31.12
2010-11-24,31.48
2010-11-26,31.57
2010-11-29,30.84
2010-11-30,30.885
2010-12-01,31.26
2010-12-02,31.53
2010-12-03,31.43
2010-12-06,31.46
2010-12-07,31.24
2010-12-08,31.1
2010-12-09,31.14
2010-12-10,31.44
2010-12-13,31.5475
2010-12-14,31.66
2010-12-15,31.33
2010-12-16,31.28
2010-12-17,31.67
2010-12-20,31.73
2010-12-21,31.81
2010-12-22,31.84
2010-12-23,31.77
2010-12-27,31.544
2010-12-28,31.6001
2010-12-29,31.86
2010-12-30,32.0
2010-12-31,31.855
2011-01-03,31.9
2011-01-04,31.64
2011-01-05,31.41
2011-01-06,31.26
2011-01-07,31.34
2011-01-10,31.19
2011-01-11,31.51
2011-01-12,31.57
2011-01-13,31.54
2011-01-14,31.61
2011-01-18,31.98
2011-01-19,32.32
2011-01-20,32.41
2011-01-21,32.4701
2011-01-24,32.61
2011-01-25,32.76
2011-01-26,32.57
2011-01-27,32.51
2011-01-28,32.68
2011-01-31,32.68
2011-02-01,32.92
2011-02-02,33.49
2011-02-03,33.455
2011-02-04,33.45
2011-02-07,33.63
2011-02-08,33.59
2011-02-09,33.52
2011-02-10,33.53
2011-02-11,33.25
2011-02-14,33.14
2011-02-15,33.19
2011-02-16,33.23
2011-02-17,33.42
2011-02-18,33.29
2011-02-22,33.18
2011-02-23,33.3
2011-02-24,33.02
2011-02-25,33.04
2011-02-28,33.75
2011-03-01,33.74
2011-03-02,33.74
2011-03-03,34.07
2011-03-04,33.49
2011-03-07,33.93
2011-03-08,34.14
2011-03-09,34.54
2011-03-10,34.4
2011-03-11,34.07
2011-03-14,34.06
2011-03-15,33.52
2011-03-16,32.84
2011-03-17,32.93
2011-03-18,33.55
2011-03-21,33.91
2011-03-22,34.07
2011-03-23,33.88
2011-03-24,34.0
2011-03-25,34.11
2011-03-28,33.84
2011-03-29,33.75
2011-03-30,34.38
2011-03-31,34.57
2011-04-01,34.69
2011-04-04,34.77
2011-04-05,34.7
2011-04-06,34.74
2011-04-07,34.41
2011-04-08,34.26
2011-04-11,34.1
2011-04-12,34.02
2011-04-13,33.78
2011-04-14,33.57
2011-04-15,33.74
2011-04-18,33.31
2011-04-19,33.44
2011-04-20,33.9
2011-04-21,34.13
2011-04-25,34.339
2011-04-26,34.67
2011-04-27,34.81
2011-04-28,35.09
2011-04-29,35.32
2011-05-02,35.59
2011-05-03,35.58
2011-05-04,35.39
2011-05-05,35.155
2011-05-06,35.04
2011-05-09,35.0
2011-05-10,35.52
2011-05-11,35.44
2011-05-12,35.55
2011-05-13,35.58
2011-05-16,35.76
2011-05-17,35.75
2011-05-18,35.92
2011-05-19,36.02
2011-05-20,35.88
2011-05-23,35.46
2011-05-24,35.39
2011-05-25,34.79
2011-05-26,35.04
2011-05-27,34.92
2011-05-31,34.95
2011-06-01,34.9
2011-06-02,34.565
2011-06-03,34.09
2011-06-06,33.87
2011-06-07,33.88
2011-06-08,33.88
2011-06-09,34.04
2011-06-10,33.87
2011-06-13,33.66
2011-06-14,33.82
2011-06-15,33.68
2011-06-16,33.91
2011-06-17,34.44
2011-06-20,34.59
2011-06-21,34.92
2011-06-22,34.67
2011-06-23,34.16
2011-06-24,34.59
2011-06-27,34.655
2011-06-28,35.03
2011-06-29,35.155
2011-06-30,35.05
2011-07-01,35.14
2011-07-05,35.49
2011-07-06,35.36
2011-07-07,35.22
2011-07-08,35.13
2011-07-11,34.79
2011-07-12,34.8
2011-07-13,35.14
2011-07-14,34.78
2011-07-15,34.665
2011-07-18,34.22
2011-07-19,34.08
2011-07-20,34.55
2011-07-21,34.91
2011-07-22,35.1
2011-07-25,35.03
2011-07-26,34.88
2011-07-27,34.69
2011-07-28,34.47
2011-07-29,33.97
2011-08-01,34.01
2011-08-02,33.53
2011-08-03,32.81
2011-08-04,31.99
2011-08-05,31.5
2011-08-08,30.39
2011-08-09,30.02
2011-08-10,31.14
2011-08-11,31.21
2011-08-12,32.27
2011-08-15,32.59
2011-08-16,32.67
2011-08-17,33.0
2011-08-18,32.23
2011-08-19,32.17
2011-08-22,32.05
2011-08-23,32.0
2011-08-24,33.01
2011-08-25,33.71
2011-08-26,32.96
2011-08-29,34.36
2011-08-30,34.2
2011-08-31,34.5
2011-09-01,34.31
2011-09-02,33.72
2011-09-06,32.73
2011-09-07,33.59
2011-09-08,33.56
2011-09-09,32.89
2011-09-12,32.72
2011-09-13,33.15
2011-09-14,33.44
2011-09-15,34.17
2011-09-16,34.31
2011-09-19,33.94
2011-09-20,34.53
2011-09-21,34.23
2011-09-22,33.0
2011-09-23,33.39
2011-09-26,33.87
2011-09-27,34.4
2011-09-28,33.72
2011-09-29,33.73
2011-09-30,33.65
2011-10-03,32.06
2011-10-04,30.8
2011-10-05,30.98
2011-10-06,31.03
2011-10-07,31.87
2011-10-10,32.41
2011-10-11,32.23
2011-10-12,32.13
2011-10-13,32.19
2011-10-14,32.86
2011-10-17,32.84
2011-10-18,32.65
2011-10-19,33.2
2011-10-20,33.05
2011-10-21,33.48
2011-10-24,33.66
2011-10-25,33.4
2011-10-26,33.4
2011-10-27,34.485
2011-10-28,34.32
2011-10-31,34.22
2011-11-01,33.5
2011-11-02,33.93
2011-11-03,34.2
2011-11-04,34.18
2011-11-07,33.78
2011-11-08,33.94
2011-11-09,33.545
2011-11-10,33.88
2011-11-11,34.78
2011-11-14,34.3
2011-11-15,34.53
2011-11-16,34.27
2011-11-17,33.85
2011-11-18,34.15
2011-11-21,33.38
2011-11-22,33.29
2011-11-23,32.86
2011-11-25,32.88
2011-11-28,33.235
2011-11-29,33.49
2011-11-30,34.19
2011-12-01,34.48
2011-12-02,34.26
2011-12-05,34.285
2011-12-06,34.29
2011-12-07,33.9645
2011-12-08,33.44
2011-12-09,33.62
2011-12-12,33.9
2011-12-13,34.32
2011-12-14,34.25
2011-12-15,34.5
2011-12-16,34.53
2011-12-19,34.4603
2011-12-20,34.5
2011-12-21,34.65
2011-12-22,34.77
2011-12-23,35.44
2011-12-27,35.37
2011-12-28,35.8
2011-12-29,35.92
2011-12-30,36.06
2012-01-03,35.55
2012-01-04,35.015
2012-01-05,34.72
2012-01-06,34.66
2012-01-09,34.36
2012-01-10,34.44
2012-01-11,34.19
2012-01-12,34.02
2012-01-13,33.92
2012-01-17,34.04
2012-01-18,33.891
2012-01-19,33.48
2012-01-20,33.48
2012-01-23,34.19
2012-01-24,34.22
2012-01-25,34.21
2012-01-26,34.86
2012-01-27,34.57
2012-01-30,34.32
2012-01-31,34.4742
2012-02-01,34.76
2012-02-02,35.03
2012-02-03,35.04
2012-02-06,35.1
2012-02-07,34.957
2012-02-08,35.22
2012-02-09,35.33
2012-02-10,35.12
2012-02-13,34.915
2012-02-14,34.6708
2012-02-15,34.72
2012-02-16,35.78
2012-02-17,35.85
2012-02-21,35.94
2012-02-22,35.72
2012-02-23,35.62
2012-02-24,35.64
2012-02-27,35.47
2012-02-28,35.18
2012-02-29,35.4
2012-03-01,35.83
2012-03-02,35.76
2012-03-05,35.95
2012-03-06,35.8
2012-03-07,35.72
2012-03-08,36.3
2012-03-09,36.5
2012-03-12,36.71
2012-03-13,37.09
2012-03-14,36.625
2012-03-15,36.42
2012-03-16,36.3
2012-03-19,36.32
2012-03-20,36.19
2012-03-21,36.21
2012-03-22,36.08
2012-03-23,36.31
2012-03-26,36.88
2012-03-27,37.05
2012-03-28,36.71
2012-03-29,36.24
2012-03-30,37.01
2012-04-02,36.88
2012-04-03,36.87
2012-04-04,36.8
2012-04-05,36.61
2012-04-09,36.48
2012-04-10,35.63
2012-04-11,35.4
2012-04-12,35.63
2012-04-13,35.75
2012-04-16,35.87
2012-04-17,35.92
2012-04-18,36.03
2012-04-19,35.84
2012-04-20,35.93
2012-04-23,36.04
2012-04-24,36.06
2012-04-25,36.35
2012-04-26,36.35
2012-04-27,36.655
2012-04-30,36.57
2012-05-01,36.79
2012-05-02,36.75
2012-05-03,35.63
2012-05-04,35.8
2012-05-07,35.76
2012-05-08,35.63
2012-05-09,35.95
2012-05-10,36.09
2012-05-11,36.33
2012-05-14,35.96
2012-05-15,35.7
2012-05-16,35.55
2012-05-17,35.1
2012-05-18,34.84
2012-05-21,34.96
2012-05-22,35.79
2012-05-23,35.88
2012-05-24,36.0
2012-05-25,36.2331
2012-05-29,36.315
2012-05-30,35.87
2012-05-31,35.68
2012-06-01,35.57
2012-06-04,36.15
2012-06-05,36.14
2012-06-06,36.5
2012-06-07,36.97
2012-06-08,36.86
2012-06-11,37.3
2012-06-12,36.92
2012-06-13,37.13
2012-06-14,37.52
2012-06-15,38.03
2012-06-18,38.3
2012-06-19,38.48
2012-06-20,37.7
2012-06-21,37.53
2012-06-22,37.48
2012-06-25,37.4
2012-06-26,37.61
2012-06-27,38.04
2012-06-28,37.96
2012-06-29,38.47
2012-07-02,38.77
2012-07-03,39.04
2012-07-05,38.69
2012-07-06,38.39
2012-07-09,38.22
2012-07-10,38.61
2012-07-11,38.63
2012-07-12,38.6
2012-07-13,39.12
2012-07-16,39.48
2012-07-17,39.48
2012-07-18,39.66
2012-07-19,40.11
2012-07-20,40.05
2012-07-23,39.535
2012-07-24,39.095
2012-07-25,39.26
2012-07-26,39.85
2012-07-27,39.79
2012-07-30,39.96
2012-07-31,39.23
2012-08-01,39.1
2012-08-02,38.62
2012-08-03,39.45
2012-08-06,39.51
2012-08-07,39.43
2012-08-08,39.145
2012-08-09,39.04
2012-08-10,39.07
2012-08-13,39.11
2012-08-14,38.98
2012-08-15,38.9
2012-08-16,38.73
2012-08-17,38.46
2012-08-20,38.3
2012-08-21,38.19
2012-08-22,37.98
2012-08-23,37.65
2012-08-24,37.63
2012-08-27,37.835
2012-08-28,37.76
2012-08-29,37.435
2012-08-30,37.6
2012-08-31,37.52
2012-09-04,37.49
2012-09-05,37.66
2012-09-06,37.66
2012-09-07,37.97
2012-09-10,38.1
2012-09-11,37.92
2012-09-12,37.59
2012-09-13,37.54
2012-09-14,37.66
2012-09-17,37.1
2012-09-18,36.82
2012-09-19,36.68
2012-09-20,36.81
2012-09-21,36.79
2012-09-24,37.34
2012-09-25,37.96
2012-09-26,38.05
2012-09-27,37.775
2012-09-28,37.8
2012-10-01,38.24
2012-10-02,38.58
2012-10-03,38.67
2012-10-04,38.71
2012-10-05,38.93
2012-10-08,38.91
2012-10-09,38.75
2012-10-10,38.94
2012-10-11,38.81
2012-10-12,38.48
2012-10-15,38.54
2012-10-16,38.93
2012-10-17,39.09
2012-10-18,39.41
2012-10-19,39.7
2012-10-22,39.29
2012-10-23,38.99
2012-10-24,38.8
2012-10-25,38.66
2012-10-26,38.66
2012-10-31,38.72
2012-11-01,38.96
2012-11-02,39.3
2012-11-05,38.75
2012-11-06,38.97
2012-11-07,38.1934
2012-11-08,38.22
2012-11-09,38.05
2012-11-12,37.83
2012-11-13,37.75
2012-11-14,37.69
2012-11-15,37.64
2012-11-16,37.64
2012-11-19,37.9475
2012-11-20,37.6868
2012-11-21,37.55
2012-11-23,37.53
2012-11-26,37.71
2012-11-27,38.12
2012-11-28,37.7
2012-11-29,37.81
2012-11-30,38.198
2012-12-03,38.14
2012-12-04,38.44
2012-12-05,38.46
2012-12-06,39.09
2012-12-07,39.14
2012-12-10,38.95
2012-12-11,39.2
2012-12-12,39.5
2012-12-13,39.21
2012-12-14,38.59
2012-12-17,38.75
2012-12-18,38.91
2012-12-19,39.22
2012-12-20,39.22
2012-12-21,39.185
2012-12-24,38.72
2012-12-26,38.71
2012-12-27,38.43
2012-12-28,38.37
2012-12-31,38.12
2013-01-02,39.41
2013-01-03,39.55
2013-01-04,39.59
2013-01-07,39.09
2013-01-08,38.96
2013-01-09,38.8
2013-01-10,39.04
2013-01-11,39.03
2013-01-14,38.97
2013-01-15,38.72
2013-01-16,38.66
2013-01-17,38.6
2013-01-18,38.8
2013-01-22,39.25
2013-01-23,39.31
2013-01-24,39.7
2013-01-25,39.73
2013-01-28,40.04
2013-01-29,40.17
2013-01-30,40.56
2013-01-31,40.66
2013-02-01,40.79
2013-02-04,40.95
2013-02-05,40.89
2013-02-06,40.65
2013-02-07,40.89
2013-02-08,40.73
2013-02-11,40.86
2013-02-12,40.83
2013-02-13,40.88
2013-02-14,40.595
2013-02-15,40.61
2013-02-19,40.93
2013-02-20,41.03
2013-02-21,40.84
2013-02-22,41.03
2013-02-25,41.0
2013-02-26,40.85
2013-02-27,40.36
2013-02-28,41.11
2013-03-01,41.12
2013-03-04,41.67
2013-03-05,42.39
2013-03-06,42.41
2013-03-07,42.31
2013-03-08,42.02
2013-03-11,42.13
2013-03-12,41.965
2013-03-13,42.06
2013-03-14,42.22
2013-03-15,42.25
2013-03-18,42.26
2013-03-19,42.23
2013-03-20,42.55
2013-03-21,42.49
2013-03-22,42.49
2013-03-25,42.38
2013-03-26,42.59
2013-03-27,42.52
2013-03-28,42.92
2013-04-01,43.15
2013-04-02,43.34
2013-04-03,42.83
2013-04-04,43.2
2013-04-05,43.07
2013-04-08,43.41
2013-04-09,43.52
2013-04-10,43.73
2013-04-11,44.06
2013-04-12,44.34
2013-04-15,43.83
2013-04-16,43.61
2013-04-17,43.83
2013-04-18,43.85
2013-04-19,44.13
2013-04-22,44.23
2013-04-23,44.3
2013-04-24,44.44
2013-04-25,44.71
2013-04-26,44.69
2013-04-29,44.82
2013-04-30,44.84
2013-05-01,44.94
2013-05-02,45.0
2013-05-03,45.02
2013-05-06,44.465
2013-05-07,44.59
2013-05-08,44.265
2013-05-09,43.43
2013-05-10,43.475
2013-05-13,43.27
2013-05-14,43.39
2013-05-15,43.8575
2013-05-16,44.01
2013-05-17,43.12
2013-05-20,44.24
2013-05-21,44.16
2013-05-22,43.75
2013-05-23,42.9572
2013-05-24,42.51
2013-05-28,42.19
2013-05-29,41.38
2013-05-30,41.95
2013-05-31,41.67
2013-06-03,41.17
2013-06-04,41.24
2013-06-05,41.03
2013-06-06,41.06
2013-06-07,41.71
2013-06-10,41.84
2013-06-11,41.5
2013-06-12,40.99
2013-06-13,41.11
2013-06-14,41.72
2013-06-17,41.95
2013-06-18,42.02
2013-06-19,41.28
2013-06-20,39.43
2013-06-21,39.35
2013-06-24,39.51
2013-06-25,39.94
2013-06-26,40.73
2013-06-27,41.45
2013-06-28,41.36
2013-07-01,41.13
2013-07-02,40.9
2013-07-03,40.86
2013-07-05,40.57
2013-07-08,41.07
2013-07-09,41.83
2013-07-10,41.93
2013-07-11,42.6801
2013-07-12,42.8
2013-07-15,43.17
2013-07-16,43.58
2013-07-17,43.815
2013-07-18,43.98
2013-07-19,44.46
2013-07-22,44.53
2013-07-23,44.51
2013-07-24,44.06
2013-07-25,43.91
2013-07-26,43.83
2013-07-29,43.84
2013-07-30,44.11
2013-07-31,44.03
2013-08-01,44.5
2013-08-02,44.5
2013-08-05,44.23
2013-08-06,43.635
2013-08-07,43.62
2013-08-08,43.95
2013-08-09,43.685
2013-08-12,43.285
2013-08-13,43.06
2013-08-14,42.48
2013-08-15,41.86
2013-08-16,41.18
2013-08-19,41.05
2013-08-20,41.21
2013-08-21,40.81
2013-08-22,40.91
2013-08-23,41.11
2013-08-26,41.22
2013-08-27,40.93
2013-08-28,40.99
2013-08-29,40.83
2013-08-30,40.73
2013-09-03,40.305
2013-09-04,40.08
2013-09-05,40.13
2013-09-06,40.2
2013-09-09,40.12
2013-09-10,40.5924
2013-09-11,40.39
2013-09-12,40.01
2013-09-13,40.175
2013-09-16,40.3
2013-09-17,40.29
2013-09-18,40.34
2013-09-19,41.6
2013-09-20,41.19
2013-09-23,40.88
2013-09-24,41.37
2013-09-25,41.32
2013-09-26,41.34
2013-09-27,41.19
2013-09-30,41.01
2013-10-01,41.16
2013-10-02,41.13
2013-10-03,40.83
2013-10-04,40.82
2013-10-07,40.64
2013-10-08,40.6025
2013-10-09,41.0
2013-10-10,41.13
2013-10-11,41.83
2013-10-14,41.33
2013-10-15,41.01
2013-10-16,41.165
2013-10-17,41.24
2013-10-18,42.24
2013-10-21,41.96
2013-10-22,42.21
2013-10-23,42.4
2013-10-24,42.735
2013-10-25,42.61
2013-10-28,43.1593
2013-10-29,43.23
2013-10-30,43.1
2013-10-31,42.42
2013-11-01,42.2
2013-11-04,42.29
2013-11-05,42.43
2013-11-06,42.43
2013-11-07,42.29
2013-11-08,41.49
2013-11-11,42.1
2013-11-12,41.67
2013-11-13,41.46
2013-11-14,42.33
2013-11-15,42.49
2013-11-18,42.66
2013-11-19,42.26
2013-11-20,41.8
2013-11-21,41.94
2013-11-22,41.9
2013-11-25,41.87
2013-11-26,41.19
2013-11-27,41.07
2013-11-29,40.77
2013-12-02,40.68
2013-12-03,40.7
2013-12-04,40.6
2013-12-05,40.79
2013-12-06,41.11
2013-12-09,41.13
2013-12-10,41.0
2013-12-11,40.64
2013-12-12,40.86
2013-12-13,41.33
2013-12-16,41.625
2013-12-17,41.38
2013-12-18,40.93
2013-12-19,41.261
2013-12-20,41.91
2013-12-23,42.11
2013-12-24,41.91
2013-12-26,42.085
2013-12-27,42.01
2013-12-30,42.09
2013-12-31,42.25
2014-01-02,41.7
2014-01-03,41.31
2014-01-06,41.2816
2014-01-07,41.64
2014-01-08,41.46
2014-01-09,41.44
2014-01-10,42.14
2014-01-13,42.23
2014-01-14,42.2
2014-01-15,41.8461
2014-01-16,41.89
2014-01-17,42.18
2014-01-21,42.65
2014-01-22,42.99
2014-01-23,43.0
2014-01-24,42.43
2014-01-27,42.35
2014-01-28,42.656000000000006
2014-01-29,42.56
2014-01-30,42.88
2014-01-31,43.05
2014-02-03,43.36
2014-02-04,43.1
2014-02-05,42.875
2014-02-06,42.52
2014-02-07,42.66
2014-02-10,42.94
2014-02-11,43.7
2014-02-12,44.02
2014-02-13,44.18
2014-02-14,44.54
2014-02-18,44.85
2014-02-19,44.36
2014-02-20,44.34
2014-02-21,44.62
2014-02-24,44.4
2014-02-25,44.305
2014-02-26,44.19
2014-02-27,43.82
2014-02-28,43.97
2014-03-03,43.84
2014-03-04,44.05
2014-03-05,43.63
2014-03-06,43.4
2014-03-07,43.21
2014-03-10,43.29
2014-03-11,43.13
2014-03-12,43.2
2014-03-13,44.01
2014-03-14,44.41
2014-03-17,44.74
2014-03-18,44.87
2014-03-19,44.22
2014-03-20,43.7
2014-03-21,44.09
2014-03-24,44.29
2014-03-25,44.45
2014-03-26,44.57
2014-03-27,44.455
2014-03-28,44.74
2014-03-31,44.9901
2014-04-01,44.875
2014-04-02,44.76
2014-04-03,44.84
2014-04-04,45.01
2014-04-07,45.08
2014-04-08,44.7
2014-04-09,44.97
2014-04-10,45.23
2014-04-11,45.31
2014-04-14,45.33
2014-04-15,45.67
2014-04-16,46.28
2014-04-17,45.79
2014-04-21,45.36
2014-04-22,45.47
2014-04-23,45.87
2014-04-24,45.79
2014-04-25,46.48
2014-04-28,46.85
2014-04-29,46.97
2014-04-30,47.06
2014-05-01,46.79
2014-05-02,45.82
2014-05-05,45.99
2014-05-06,46.3
2014-05-07,46.425
2014-05-08,46.36
2014-05-09,45.7
2014-05-12,45.1
2014-05-13,45.16
2014-05-14,45.33
2014-05-15,45.375
2014-05-16,45.35
2014-05-19,45.18
2014-05-20,44.83
2014-05-21,44.99
2014-05-22,45.15
2014-05-23,45.22
2014-05-27,45.18
2014-05-28,44.85
2014-05-29,44.77
2014-05-30,45.02
2014-06-02,45.25
2014-06-03,45.13
2014-06-04,45.01
2014-06-05,45.14
2014-06-06,45.44
2014-06-09,45.03
2014-06-10,44.99
2014-06-11,44.65
2014-06-12,44.28
2014-06-13,44.8
2014-06-16,45.25
2014-06-17,45.32
2014-06-18,45.52
2014-06-19,46.71
2014-06-20,46.4
2014-06-23,46.18
2014-06-24,46.18
2014-06-25,46.39
2014-06-26,46.42
2014-06-27,46.52
2014-06-30,46.65
2014-07-01,46.655
2014-07-02,45.96
2014-07-03,45.32
2014-07-07,45.54
2014-07-08,45.71
2014-07-09,45.45
2014-07-10,45.67
2014-07-11,45.6
2014-07-14,45.16
2014-07-15,45.16
2014-07-16,44.97
2014-07-17,45.05
2014-07-18,44.93
2014-07-21,45.13
2014-07-22,45.34
2014-07-23,45.215
2014-07-24,45.185
2014-07-25,45.21
2014-07-28,45.21
2014-07-29,45.655
2014-07-30,44.8
2014-07-31,43.78
2014-08-01,43.42
2014-08-04,42.435
2014-08-05,42.51
2014-08-06,41.92
2014-08-07,42.18
2014-08-08,42.61
2014-08-11,43.2
2014-08-12,43.04
2014-08-13,43.13
2014-08-14,43.5
2014-08-15,43.88
2014-08-18,44.01
2014-08-19,44.26
2014-08-20,44.64
2014-08-21,44.94
2014-08-22,44.85
2014-08-25,45.17
2014-08-26,44.91
2014-08-27,44.99
2014-08-28,45.06
2014-08-29,45.518
2014-09-02,45.28
2014-09-03,45.48
2014-09-04,45.42
2014-09-05,45.82
2014-09-08,46.13
2014-09-09,45.8
2014-09-10,45.35
2014-09-11,44.9502
2014-09-12,44.47
2014-09-15,44.56
2014-09-16,44.54
2014-09-17,45.38
2014-09-18,45.215
2014-09-19,45.25
2014-09-22,44.9
2014-09-23,44.65
2014-09-24,44.49
2014-09-25,44.26
2014-09-26,43.88
2014-09-29,44.0
2014-09-30,44.18
2014-10-01,44.3699
2014-10-02,44.79
2014-10-03,44.84
2014-10-06,45.38
2014-10-07,45.35
2014-10-08,45.75
2014-10-09,46.07
2014-10-10,46.29
2014-10-13,46.54
2014-10-14,46.61
2014-10-15,46.37
2014-10-16,46.33
2014-10-17,46.295
2014-10-20,47.145
2014-10-21,47.54
2014-10-22,47.72
2014-10-23,47.96
2014-10-24,48.34
2014-10-27,48.3
2014-10-28,48.2
2014-10-29,47.89
2014-10-30,48.34
2014-10-31,49.12
2014-11-03,49.34
2014-11-04,49.23
2014-11-05,49.62
2014-11-06,49.325
2014-11-07,49.64
2014-11-10,50.11
2014-11-11,50.35
2014-11-12,49.2
2014-11-13,49.11
2014-11-14,48.65
2014-11-17,48.71
2014-11-18,49.345
2014-11-19,49.42
2014-11-20,49.69
2014-11-21,49.78
2014-11-24,49.86
2014-11-25,49.34
2014-11-26,49.53
2014-11-28,49.785
2014-12-01,49.93
2014-12-02,50.26
2014-12-03,50.86
2014-12-04,51.13
2014-12-05,51.02
2014-12-08,51.25
2014-12-09,51.795
2014-12-10,51.62
2014-12-11,51.28
2014-12-12,51.12
2014-12-15,50.37
2014-12-16,50.181000000000004
2014-12-17,51.15
2014-12-18,51.76
2014-12-19,52.56
2014-12-22,52.55
2014-12-23,52.99
2014-12-24,53.76
2014-12-26,55.11
2014-12-29,55.59
2014-12-30,54.5501
2014-12-31,53.45
2015-01-02,52.93
2015-01-05,53.05
2015-01-06,53.06
2015-01-07,53.31
2015-01-08,53.835
2015-01-09,53.11
2015-01-12,52.99
2015-01-13,53.36
2015-01-14,53.2
2015-01-15,54.0001
2015-01-16,54.9201
2015-01-20,54.965
2015-01-21,54.73
2015-01-22,55.11
2015-01-23,55.4601
2015-01-26,55.17
2015-01-27,55.5
2015-01-28,55.52
2015-01-29,55.28
2015-01-30,55.5
2015-02-02,54.83
2015-02-03,55.69
2015-02-04,55.48
2015-02-05,55.48
2015-02-06,53.31
2015-02-09,52.91
2015-02-10,53.16
2015-02-11,53.17
2015-02-12,52.15
2015-02-13,50.42
2015-02-17,50.48
2015-02-18,51.12
2015-02-19,52.06
2015-02-20,51.61
2015-02-23,52.1101
2015-02-24,52.37
2015-02-25,52.41
2015-02-26,51.65
2015-02-27,51.44
2015-03-02,49.94
2015-03-03,49.87
2015-03-04,49.65
2015-03-05,49.95
2015-03-06,48.54
2015-03-09,48.69
2015-03-10,48.69
2015-03-11,48.54
2015-03-12,48.916000000000004
2015-03-13,48.785
2015-03-16,49.27
2015-03-17,49.28
2015-03-18,49.3
2015-03-19,50.37
2015-03-20,50.51
2015-03-23,51.03
2015-03-24,50.655
2015-03-25,50.12
2015-03-26,49.5387
2015-03-27,49.76
2015-03-30,50.07
2015-03-31,50.22
2015-04-01,49.86
2015-04-02,50.59
2015-04-06,50.57
2015-04-07,50.25
2015-04-08,49.96
2015-04-09,49.7575
2015-04-10,50.05
2015-04-13,49.61
2015-04-14,49.69
2015-04-15,50.17
2015-04-16,49.46
2015-04-17,49.95
2015-04-20,49.87
2015-04-21,49.37
2015-04-22,49.33
2015-04-23,49.37
2015-04-24,49.38
2015-04-27,49.7
2015-04-28,49.43
2015-04-29,49.57
2015-04-30,48.4
2015-05-01,48.32
2015-05-04,48.97
2015-05-05,48.09
2015-05-06,47.32
2015-05-07,47.85
2015-05-08,48.03
2015-05-11,48.41
2015-05-12,47.9415
2015-05-13,47.82
2015-05-14,47.98
2015-05-15,48.5
2015-05-18,48.9
2015-05-19,49.02
2015-05-20,49.12
2015-05-21,49.1
2015-05-22,48.87
2015-05-26,48.75
2015-05-27,48.54
2015-05-28,48.55
2015-05-29,49.01
2015-06-01,49.03
2015-06-02,48.11
2015-06-03,47.38
2015-06-04,47.32
2015-06-05,46.35
2015-06-08,46.31
2015-06-09,46.05
2015-06-10,46.15
2015-06-11,46.37
2015-06-12,46.1
2015-06-15,45.79
2015-06-16,45.73
2015-06-17,46.31
2015-06-18,46.835
2015-06-19,46.74
2015-06-22,46.48
2015-06-23,45.78
2015-06-24,45.56
2015-06-25,45.44
2015-06-26,45.2
2015-06-29,45.47
2015-06-30,45.31
2015-07-01,45.34
2015-07-02,45.79
2015-07-06,44.64
2015-07-07,46.53
2015-07-08,46.89
2015-07-09,46.24
2015-07-10,46.54
2015-07-13,46.8101
2015-07-14,46.8901
2015-07-15,47.07
2015-07-16,47.58
2015-07-17,47.85
2015-07-20,47.21
2015-07-21,46.93
2015-07-22,47.36
2015-07-23,46.96
2015-07-24,47.04
2015-07-27,47.27
2015-07-28,47.64
2015-07-29,47.81
2015-07-30,48.03
2015-07-31,49.07
2015-08-03,49.575
2015-08-04,49.02
2015-08-05,49.08
2015-08-06,48.98
2015-08-07,49.03
2015-08-10,49.8
2015-08-11,49.86
2015-08-12,50.1
2015-08-13,50.2
2015-08-14,50.54
2015-08-17,51.12
2015-08-18,51.17
2015-08-19,51.02
2015-08-20,51.3
2015-08-21,51.01
2015-08-24,48.68
2015-08-25,47.21
2015-08-26,47.06
2015-08-27,47.87
2015-08-28,47.54
2015-08-31,46.89
2015-09-01,45.83
2015-09-02,45.88
2015-09-03,46.17
2015-09-04,45.625
2015-09-08,46.07
2015-09-09,45.78
2015-09-10,45.3
2015-09-11,45.14
2015-09-14,45.97
2015-09-15,46.07
2015-09-16,46.46
2015-09-17,46.57
2015-09-18,47.09
2015-09-21,47.15
2015-09-22,47.09
2015-09-23,47.28
2015-09-24,47.46
2015-09-25,47.94
2015-09-28,48.67
2015-09-29,49.11
2015-09-30,49.11
2015-10-01,49.26
2015-10-02,49.84
2015-10-05,50.3
2015-10-06,50.36
2015-10-07,50.29
2015-10-08,50.17
2015-10-09,50.48
2015-10-12,50.705
2015-10-13,50.84
2015-10-14,51.03
2015-10-15,51.04
2015-10-16,51.94
2015-10-19,51.55
2015-10-20,51.5636
2015-10-21,51.93
2015-10-22,52.03
2015-10-23,51.64
2015-10-26,51.36
2015-10-27,51.64
2015-10-28,50.43
2015-10-29,49.83
2015-10-30,50.6
2015-11-02,50.49
2015-11-03,50.1
2015-11-04,51.21
2015-11-05,51.36
2015-11-06,48.84
2015-11-09,48.655
2015-11-10,49.18
2015-11-11,50.387
2015-11-12,50.16
2015-11-13,49.69
2015-11-16,49.84
2015-11-17,49.48
2015-11-18,49.4
2015-11-19,50.49
2015-11-20,51.185
2015-11-23,50.98
2015-11-24,50.38
2015-11-25,50.205
2015-11-27,50.295
2015-11-30,50.41
2015-12-01,50.19
2015-12-02,49.66
2015-12-03,49.145
2015-12-04,49.51
2015-12-07,50.3
2015-12-08,50.73
2015-12-09,50.66
2015-12-10,48.74
2015-12-11,48.18
2015-12-14,48.6
2015-12-15,49.275
2015-12-16,49.7187
2015-12-17,51.11
2015-12-18,50.4
2015-12-21,49.84
2015-12-22,49.73
2015-12-23,50.61
2015-12-24,51.46
2015-12-28,51.3901
2015-12-29,51.85
2015-12-30,51.84
2015-12-31,50.545
2016-01-04,50.23
2016-01-05,50.01
2016-01-06,50.73
2016-01-07,50.76
2016-01-08,50.715
2016-01-11,50.58
2016-01-12,50.4
2016-01-13,51.06
2016-01-14,50.57
2016-01-15,50.815
2016-01-19,51.375
2016-01-20,50.52
2016-01-21,50.21
2016-01-22,50.16
2016-01-25,51.22
2016-01-26,51.74
2016-01-27,51.84
2016-01-28,51.76
2016-01-29,53.371
2016-02-01,53.49
2016-02-02,54.03
2016-02-03,55.34
2016-02-04,54.84
2016-02-05,53.39
2016-02-08,53.43
2016-02-09,53.84
2016-02-10,53.81
2016-02-11,53.79
2016-02-12,52.93
2016-02-16,53.12
2016-02-17,53.29
2016-02-18,53.53
2016-02-19,53.83
2016-02-22,54.6601
2016-02-23,55.02
2016-02-24,55.54
2016-02-25,56.25
2016-02-26,54.75
2016-02-29,53.93
2016-03-01,53.8
2016-03-02,52.62
2016-03-03,53.593
2016-03-04,54.13
2016-03-07,55.32
2016-03-08,55.89
2016-03-09,56.4044
2016-03-10,56.07
2016-03-11,56.36
2016-03-14,56.15
2016-03-15,56.46
2016-03-16,56.0499
2016-03-17,57.32
2016-03-18,57.18
2016-03-21,56.74
2016-03-22,57.07
2016-03-23,57.1301
2016-03-24,57.65
2016-03-28,57.63
2016-03-29,57.7
2016-03-30,58.26
2016-03-31,58.03
2016-04-01,57.9
2016-04-04,58.28
2016-04-05,57.03
2016-04-06,56.54
2016-04-07,56.54
2016-04-08,56.95
2016-04-11,56.61
2016-04-12,56.43
2016-04-13,55.95
2016-04-14,55.84
2016-04-15,55.95
2016-04-18,56.5
2016-04-19,56.7
2016-04-20,55.56
2016-04-21,54.51
2016-04-22,55.17
2016-04-25,55.06
2016-04-26,55.15
2016-04-27,55.14
2016-04-28,55.3
2016-04-29,55.39
2016-05-02,56.49
2016-05-03,56.625
2016-05-04,56.62
2016-05-05,55.64
2016-05-06,56.48
2016-05-09,56.92
2016-05-10,57.32
2016-05-11,56.985
2016-05-12,57.1701
2016-05-13,57.08
2016-05-16,56.95
2016-05-17,55.62
2016-05-18,54.57
2016-05-19,54.28
2016-05-20,54.45
2016-05-23,54.13
2016-05-24,53.95
2016-05-25,54.19
2016-05-26,53.9
2016-05-27,54.668
2016-05-31,54.67
2016-06-01,55.07
2016-06-02,54.855
2016-06-03,55.93
2016-06-06,55.575
2016-06-07,55.6
2016-06-08,55.56
2016-06-09,56.27
2016-06-10,56.50899999999999
2016-06-13,56.6601
2016-06-14,56.49
2016-06-15,56.39
2016-06-16,56.37
2016-06-17,56.345
2016-06-20,56.32
2016-06-21,56.53
2016-06-22,56.69
2016-06-23,56.14
2016-06-24,55.88
2016-06-27,57.12
2016-06-28,57.54
2016-06-29,58.245
2016-06-30,58.55
2016-07-01,59.12
2016-07-05,59.8
2016-07-06,59.68
2016-07-07,59.08
2016-07-08,58.48
2016-07-11,58.73
2016-07-12,57.85
2016-07-13,57.98
2016-07-14,57.53
2016-07-15,57.69
2016-07-18,57.79
2016-07-19,57.74
2016-07-20,57.77
2016-07-21,57.511
2016-07-22,58.05
2016-07-25,58.43
2016-07-26,58.17
2016-07-27,57.24
2016-07-28,57.58
2016-07-29,58.02
2016-08-01,58.58
2016-08-02,58.11
2016-08-03,57.33
2016-08-04,57.445
2016-08-05,56.46
2016-08-08,56.43
2016-08-09,56.64
2016-08-10,56.82
2016-08-11,56.77
2016-08-12,57.13
2016-08-15,56.34
2016-08-16,55.47
2016-08-17,54.175
2016-08-18,55.6
2016-08-19,55.27
2016-08-22,55.5501
2016-08-23,55.25
2016-08-24,54.775
2016-08-25,55.21
2016-08-26,54.06
2016-08-29,54.25
2016-08-30,53.69
2016-08-31,53.58
2016-09-01,53.49
2016-09-02,53.55
2016-09-06,54.4
2016-09-07,54.562
2016-09-08,54.63
2016-09-09,53.24
2016-09-12,53.08
2016-09-13,53.38
2016-09-14,53.41
2016-09-15,53.04
2016-09-16,53.33
2016-09-19,54.18
2016-09-20,54.41
2016-09-21,54.32
2016-09-22,55.45
2016-09-23,55.52
2016-09-26,56.05
2016-09-27,55.3
2016-09-28,54.81
2016-09-29,54.28
2016-09-30,53.81
2016-10-03,53.11
2016-10-04,52.32
2016-10-05,52.18
2016-10-06,51.99
2016-10-07,52.29
2016-10-10,52.34
2016-10-11,51.88
2016-10-12,52.03
2016-10-13,52.54
2016-10-14,52.95
2016-10-17,53.24
2016-10-18,53.36
2016-10-19,53.59
2016-10-20,53.91
2016-10-21,53.74
2016-10-24,53.74
2016-10-25,53.8685
2016-10-26,53.78
2016-10-27,53.55
2016-10-28,53.84
2016-10-31,54.29
2016-11-01,53.94
2016-11-02,52.76
2016-11-03,53.0
2016-11-04,53.17
2016-11-07,52.99
2016-11-08,54.435
2016-11-09,53.14
2016-11-10,50.99
2016-11-11,51.83
2016-11-14,51.28
2016-11-15,51.88
2016-11-16,51.67
2016-11-17,51.95
2016-11-18,51.541000000000004
2016-11-21,51.94
2016-11-22,52.0801
2016-11-23,51.65
2016-11-25,51.96
2016-11-28,52.77
2016-11-29,53.63
2016-11-30,51.6
2016-12-01,50.56
2016-12-02,51.195
2016-12-05,51.04
2016-12-06,51.53
2016-12-07,52.07
2016-12-08,52.21
2016-12-09,53.21
2016-12-12,53.54
2016-12-13,54.04
2016-12-14,52.96
2016-12-15,52.59
2016-12-16,53.72
2016-12-19,54.49
2016-12-20,55.06
2016-12-21,54.91
2016-12-22,54.71
2016-12-23,55.26
2016-12-27,55.15
2016-12-28,54.63
2016-12-29,54.73
2016-12-30,55.07
2017-01-03,54.77
2017-01-04,54.9482
2017-01-05,54.8
2017-01-06,54.77
2017-01-09,54.55
2017-01-10,54.08
2017-01-11,54.36
2017-01-12,54.835
2017-01-13,54.76
2017-01-17,55.29
2017-01-18,55.42
2017-01-19,54.98
2017-01-20,54.72
2017-01-23,54.71
2017-01-24,54.41
2017-01-25,54.115
2017-01-26,54.12
2017-01-27,54.1
2017-01-30,54.115
2017-01-31,54.42
2017-02-01,54.5
2017-02-02,54.55
2017-02-03,55.33
2017-02-06,55.53
2017-02-07,55.53
2017-02-08,55.66
2017-02-09,56.0
2017-02-10,55.89
2017-02-13,56.03
2017-02-14,55.655
2017-02-15,55.2
2017-02-16,55.65
2017-02-17,55.87
2017-02-21,55.85
2017-02-22,56.09
2017-02-23,57.8
2017-02-24,58.17
2017-02-27,58.67
2017-02-28,58.1689
2017-03-01,57.6
2017-03-02,57.9
2017-03-03,57.9
2017-03-06,57.96
2017-03-07,58.19
2017-03-08,57.42
2017-03-09,57.28
2017-03-10,57.425
2017-03-13,57.63
2017-03-14,57.72
2017-03-15,58.34
2017-03-16,58.4
2017-03-17,58.69
2017-03-20,58.35
2017-03-21,58.34
2017-03-22,59.515
2017-03-23,59.53
2017-03-24,59.51
2017-03-27,59.29
2017-03-28,59.24
2017-03-29,58.88
2017-03-30,58.37
2017-03-31,58.56
2017-04-03,58.27
2017-04-04,58.56
2017-04-05,58.63
2017-04-06,58.87
2017-04-07,59.34
2017-04-10,58.92
2017-04-11,58.85
2017-04-12,58.99
2017-04-13,59.3
2017-04-17,59.73
2017-04-18,59.89
2017-04-19,59.3328
2017-04-20,59.03
2017-04-21,59.445
2017-04-24,59.51
2017-04-25,59.645
2017-04-26,59.71
2017-04-27,59.7
2017-04-28,59.18
2017-05-01,58.94
2017-05-02,58.82
2017-05-03,59.03
2017-05-04,58.11
2017-05-05,59.485
2017-05-08,59.37
2017-05-09,59.28
2017-05-10,58.965
2017-05-11,58.87
2017-05-12,59.44
2017-05-15,59.67
2017-05-16,59.6
2017-05-17,59.66
2017-05-18,59.85
2017-05-19,59.73
2017-05-22,59.95
2017-05-23,60.73
2017-05-24,61.14
2017-05-25,61.19
2017-05-26,61.24
2017-05-30,61.3
2017-05-31,61.51
2017-06-01,61.81
2017-06-02,61.89
2017-06-05,62.09
2017-06-06,62.08
2017-06-07,62.11
2017-06-08,61.49
2017-06-09,61.63
2017-06-12,61.67
2017-06-13,61.86
2017-06-14,62.161
2017-06-15,62.18
2017-06-16,62.63
2017-06-19,62.56
2017-06-20,62.63
2017-06-21,62.4
2017-06-22,62.17
2017-06-23,62.11
2017-06-26,62.12
2017-06-27,61.69
2017-06-28,61.19
2017-06-29,60.52
2017-06-30,60.59
2017-07-03,60.36
2017-07-05,59.9
2017-07-06,59.66
2017-07-07,59.91
2017-07-10,59.895
2017-07-11,59.55
2017-07-12,59.95
2017-07-13,59.76
2017-07-14,60.07
2017-07-17,59.96
2017-07-18,60.3235
2017-07-19,60.37
2017-07-20,60.59
2017-07-21,60.97
2017-07-24,60.61
2017-07-25,60.38
2017-07-26,60.3
2017-07-27,60.4
2017-07-28,60.221000000000004
2017-07-31,60.26
2017-08-01,60.54
2017-08-02,60.37
2017-08-03,60.95
2017-08-04,61.13
2017-08-07,61.4
2017-08-08,61.765
2017-08-09,61.63
2017-08-10,61.49
2017-08-11,61.59
2017-08-14,61.85
2017-08-15,61.9
2017-08-16,62.36
2017-08-17,62.39
2017-08-18,62.06
2017-08-21,62.74
2017-08-22,62.64
2017-08-23,62.76
2017-08-24,62.93
2017-08-25,62.96
2017-08-28,62.99
2017-08-29,63.21
2017-08-30,63.0
2017-08-31,62.9
2017-09-01,62.51
2017-09-05,62.36
2017-09-06,62.46
2017-09-07,62.571999999999996
2017-09-08,62.96
2017-09-11,63.25
2017-09-12,62.36
2017-09-13,62.27
2017-09-14,62.15
2017-09-15,62.5
2017-09-18,61.21
2017-09-19,61.42
2017-09-20,61.14
2017-09-21,61.3
2017-09-22,60.67
2017-09-25,60.66
2017-09-26,61.18
2017-09-27,60.25
2017-09-28,60.01
2017-09-29,60.2546
2017-10-02,60.28
2017-10-03,59.59
2017-10-04,60.07
2017-10-05,60.32
2017-10-06,60.13
2017-10-09,60.245
2017-10-10,60.08
2017-10-11,60.54
2017-10-12,61.11
2017-10-13,61.51
2017-10-16,60.99
2017-10-17,61.1
2017-10-18,61.25
2017-10-19,61.43
2017-10-20,61.79
2017-10-23,61.89
2017-10-24,61.83
2017-10-25,61.59
2017-10-26,62.145
2017-10-27,62.12
2017-10-30,62.11
2017-10-31,62.305
2017-11-01,61.98
2017-11-02,62.25
2017-11-03,63.04
2017-11-06,63.27
2017-11-07,63.58
2017-11-08,64.095
2017-11-09,64.36
2017-11-10,63.85
2017-11-13,64.01
2017-11-14,64.46
2017-11-15,64.96
2017-11-16,64.56
2017-11-17,64.06
2017-11-20,63.6
2017-11-21,63.82
2017-11-22,63.435
2017-11-24,63.97
2017-11-27,64.01
2017-11-28,64.45
2017-11-29,64.26
2017-11-30,64.43
2017-12-01,65.05
2017-12-04,65.32
2017-12-05,64.32
2017-12-06,64.84
2017-12-07,64.47
2017-12-08,64.565
2017-12-11,64.96
2017-12-12,64.13
2017-12-13,64.43
2017-12-14,64.25
2017-12-15,64.345
2017-12-18,63.85
2017-12-19,62.54
2017-12-20,62.21
2017-12-21,61.68
2017-12-22,61.99
2017-12-26,61.925
2017-12-27,62.135
2017-12-28,62.53
2017-12-29,62.87
2018-01-02,62.53
2018-01-03,62.3
2018-01-04,61.61
2018-01-05,61.37
2018-01-08,61.56
2018-01-09,61.46
2018-01-10,61.15
2018-01-11,60.99
2018-01-12,61.22
2018-01-16,60.3312
2018-01-17,60.87
2018-01-18,60.65
2018-01-19,60.65
2018-01-22,60.61
2018-01-23,60.18
2018-01-24,60.52
2018-01-25,61.075
2018-01-26,63.29
2018-01-29,62.2
2018-01-30,62.23
2018-01-31,62.33
2018-02-01,59.33
2018-02-02,58.03
2018-02-05,58.35
